1,36,55,1/9/2015,UB1,FX1,No,"Atkinson, Wendy",Brevet,UT
1,37,66,1/24/2015,V1,BB2,No,"Greene, Charity",National,UT
1,38,25,1/30/2015,UB1,FX1,No,"Batsche, Cookie (Catherine)",Brevet,FL
1,39,67,2/7/2015,V1,BB1,Yes,"Callaway, Rebecca",National,CA
1,40,68,2/14/2015,V1,FX1,Yes,"Bissonnette, Janine",National,CA
1,41,300,2/20/2015,UB1,FX1,No,"Brady, Rose",National,NJ
1,42,13,2/27/2015,UB1,BB1,No,"Kiss, Dawn",National,WA
1,43,116,3/7/2015,UB1,None,No,"Balerud, Laurie",National,CO
1,44,69,3/9/2015,UB1,None,No,"Bennion, Cathy",National,UT
1,45,425,3/13/2015,V2,BB2,No,"Carmody, Heather",National,UT
1,46,323,3/21/2015,FX1,None,No,"Boylan, Lisa",National,OR
2,858,232,1/9/2015,None,None,Yes,"Craver, Gayli",National,AL
2,859,1,1/16/2015,Meet Referee,None,Yes,"Callaway, Rebecca",National,CA
2,860,233,1/23/2015,UB1,BB1,No,"Atkinson, Wendy",Brevet,UT
2,861,91,1/30/2015,V1,FX1,No,"Baker, Doris",National,IN
2,862,234,2/6/2015,V1,FX2,No,"Arnts, Amy",National,AL
2,863,235,2/13/2015,UB2,BB2,No,"Bjella, Lee",National,WA
2,864,204,2/20/2015,V1,FX2,No,"Bius, Gwyned",National,GA
2,865,236,2/27/2015,V2,BB1,No,"Anderson, Debra",National,OR
2,866,230,3/6/2015,V2,FX2,No,"Alameda, Annie",National,MO
2,867,454,3/8/2015,UB2,BB2,No,"Freeman, Kevin",National,TX
2,868,237,3/13/2015,UB2,FX2,No,"Bagneschi, Christopher",Level 10,NY
2,869,85,3/21/2015,V2,None,No,"Adamczyk, Susan",National,PA
3,534,216,1/8/2015,V1,BB1,Yes,"Plentovich, Devany",National,AK
3,535,217,1/10/2015,UB1,FX2,No,"Moss, Charlene",Level 10,AK
3,536,207,1/17/2015,BB2,None,No,"Alvey, Candace",National,KY
3,537,12,1/30/2015,UB2,BB1,No,"Hansen, Anne (Pier)",National,WA
3,538,240,2/13/2015,V1,None,No,"Adkins, Jan",Brevet,WI
3,539,320,2/15/2015,BB1,None,No,"Ayres, Nola",National,WA
3,540,218,2/27/2015,UB1,FX1,Yes,"Dunn, Martha",National,AK
3,541,219,3/1/2015,V1,BB1,No,"Dunn, Martha",National,AK
3,542,200,3/6/2015,V1,FX1,No,"Chapman-Hoidahl, Shelley",National,CA
3,543,69,3/9/2015,UB1,None,No,"Bennion, Cathy",National,UT
3,544,323,3/21/2015,FX1,None,No,"Boylan, Lisa",National,OR
4,824,232,1/9/2015,None,None,Yes,"Craver, Gayli",National,AL
4,825,426,1/16/2015,BB1,None,No,"Chapman-Hoidahl, Shelley",National,CA
4,826,385,1/19/2015,UB1,FX2,No,"Callaway, Rebecca",National,CA
4,827,391,1/24/2015,Meet Referee,Meet Referee,Yes,"Bjella, Lee",National,WA
4,828,427,1/31/2015,V2,FX2,No,"Dornon Heimsoth, Kelly",National,IA
4,829,304,2/7/2015,V2,BB2,No,"Boylan, Lisa",National,OR
4,830,428,2/16/2015,V2,FX1,No,"Brewer, Tracy",National,TX
4,831,429,2/28/2015,V1,FX2,No,"Keller, Beth",National,AZ
4,832,263,3/6/2015,UB2,None,No,"Brewer, Tracy",National,TX
4,833,279,3/8/2015,V1,FX1,Yes,"Blaze, Marline",Brevet,TX
4,834,430,3/14/2015,V2,BB2,No,"Carmody, Heather",National,UT
4,835,196,3/21/2015,UB1,None,No,"Balerud, Carol",Brevet,NE
5,573,421,1/9/2015,UB1,FX1,Yes,"Ide, Carole",Brevet,SC
5,574,90,1/16/2015,V1,None,No,"Campbell, Debra",National,MI
5,575,380,1/25/2015,UB1,None,No,"Grayson, Dianne",Brevet,AZ
5,576,422,1/31/2015,V2,FX2,No,"Harned, Debbie",Level 10,AZ
5,577,267,2/6/2015,V1,BB2,No,"Bryant, Patricia",National,UT
5,578,428,2/16/2015,V2,FX1,No,"Brewer, Tracy",National,TX
5,579,423,2/20/2015,UB2,FX2,No,"Crawford, Mary (Kathy)",National,WA
5,580,424,2/28/2015,UB1,BB2,Yes,"Bunge, Carole",Brevet,CO
5,581,414,3/6/2015,V2,FX1,No,"Bryant, Patricia",National,UT
5,582,425,3/13/2015,V2,BB2,No,"Carmody, Heather",National,UT
6,490,222,1/9/2015,Meet Referee,Meet Referee,Yes,"Blaze, Marline",Brevet,TX
6,491,1,1/16/2015,Meet Referee,None,Yes,"Callaway, Rebecca",National,CA
6,492,24,1/23/2015,UB1,FX1,No,"Beck, Adriana Ruiz",Brevet,TX
6,494,2,2/6/2015,UB2,BB1,No,"Cooper, Terri",National,KY
6,495,3,2/13/2015,Meet Referee,None,Yes,"Bissonnette, Janine",National,CA
6,496,92,2/20/2015,V1,FX2,No,"Adamczyk, Susan",National,PA
6,497,4,2/27/2015,Meet Referee,None,Yes,"Balerud, Laurie",National,CO
6,498,205,3/7/2015,UB1,FX1,No,"Batsche, Cookie (Catherine)",Brevet,FL
6,499,5,3/13/2015,UB2,BB2,No,"Bradshaw, Tracy",National,MO
6,994,11,1/9/2015,V1,FX2,No,"Bjella, Lee",National,WA
7,812,344,1/9/2015,V1,FX1,Yes,"Hickey, Priscilla",Brevet,WA
7,813,6,1/16/2015,UB2,BB2,No,"Beck, Nelena",National,FL
7,814,24,1/23/2015,UB1,FX1,No,"Beck, Adriana Ruiz",Brevet,TX
7,815,25,1/30/2015,UB1,FX1,No,"Batsche, Cookie (Catherine)",Brevet,FL
7,816,234,2/6/2015,V1,FX2,No,"Arnts, Amy",National,AL
7,817,26,2/13/2015,V1,FX2,No,"Arnts, Amy",National,AL
7,818,229,2/20/2015,None,None,Yes,"Bradshaw, Tracy",National,MO
7,819,27,2/27/2015,None,None,Yes,"Bius, Gwyned",National,GA
7,820,93,3/6/2015,V1,FX1,No,"Dillard, Mary",Brevet,AL
7,821,454,3/8/2015,UB2,BB2,No,"Freeman, Kevin",National,TX
7,822,28,3/13/2015,None,None,Yes,"Arnts, Amy",National,AL
7,823,85,3/21/2015,V2,None,No,"Adamczyk, Susan",National,PA
9,392,197,1/23/2015,V1,BB2,Yes,"DeWane, Marian",National,ID
9,396,198,2/15/2015,V1,BB2,No,"Cote-Burk, Diane",National,NH
9,398,199,2/27/2015,V2,FX2,No,"Earl, Janet",National,ID
9,399,200,3/6/2015,V1,FX1,No,"Chapman-Hoidahl, Shelley",National,CA
10,416,247,1/10/2015,V1,FX1,Yes,"Dent, Janine (Nina)",National,OH
10,421,207,1/17/2015,BB2,None,No,"Alvey, Candace",National,KY
10,546,271,1/24/2015,V1,BB1,No,"Gnat, Joan",Brevet,FL
10,547,338,2/1/2015,V1,FX1,No,"Ide, Carole",Brevet,SC
10,417,248,2/6/2015,V1,FX1,Yes,"Hoff, Vicki",National,IN
10,418,249,2/8/2015,V2,FX2,No,"Bradney, Amber",Level 10,OH
10,548,320,2/15/2015,BB1,None,No,"Ayres, Nola",National,WA
10,549,336,2/22/2015,UB2,BB2,No,"Ingram, Jane Ann  (Janie)",National,OH
10,419,250,2/28/2015,BB1,UB2,No,"Casterline, Rose (Thome)",National,FL
10,976,263,3/6/2015,UB2,None,No,"Brewer, Tracy",National,TX
10,550,398,3/7/2015,BB1,None,No,"Clifford, Sarah Jane",National,NY
10,420,251,3/14/2015,UB1,BB2,No,"Borda, Jo Ann (Jody)",National,OH
10,551,147,3/21/2015,FX4,None,No,"Bagneschi, Christopher",Level 10,NY
11,127,341,1/17/2015,V2,None,No,"Buchanan, Sally",National,NH
11,129,256,1/24/2015,BB2,None,No,"Baxter, Danielle",Level 10,NH
11,377,104,2/7/2015,BB2,None,No,"Argento, Alicia",Level 10,NJ
11,131,179,2/14/2015,UB2,None,No,"Adamczyk, Susan",National,PA
11,132,257,2/15/2015,V1,None,No,"Buchanan, Sally",National,NH
11,134,158,2/28/2015,V2,BB2,No,"Bagneschi, Christopher",Level 10,NY
11,972,306,1/11/2015,V1,FX2,Yes,"Borda, Jo Ann (Jody)",National,OH
11,977,464,3/11/2015,V1,FX2,Yes,"Butsch, Bonnie",National,CT
11,137,371,3/14/2015,UB1,BB1,No,"Doucette, Janette",National,VA
11,138,342,3/21/2015,FX2,None,No,"Baxter, Danielle",Level 10,NH
13,83,341,1/17/2015,V2,None,No,"Buchanan, Sally",National,NH
13,84,256,1/24/2015,BB2,None,No,"Baxter, Danielle",Level 10,NH
13,85,396,1/31/2015,FX2,None,No,"Argento, Alicia",Level 10,NJ
13,86,436,2/8/2015,V2,None,No,"Buchanan, Sally",National,NH
13,87,257,2/15/2015,V1,None,No,"Buchanan, Sally",National,NH
13,88,363,2/22/2015,V2,None,No,"Adamczyk, Susan",National,PA
13,89,278,3/1/2015,FX1,None,No,"Balerud, Laurie",National,CO
13,91,258,3/8/2015,UB2,None,No,"Baxter, Danielle",Level 10,NH
13,90,379,3/5/2015,V1,None,Yes,"Butsch, Bonnie",National,CT
13,92,259,3/15/2015,UB2,FX2,No,"Buchanan, Sally",National,NH
13,93,383,3/21/2015,BB2,None,No,"colarossi, Patty",National,MA
14,220,416,1/9/2015,V1,FX2,No,"Brown, Anne",National,UT
14,221,417,1/23/2015,UB2,BB1,No,"Boylan, Lisa",National,OR
14,222,410,1/30/2015,V1,FX1,Yes,"Feldmann, Kathleen ( Kathy)",Brevet,NV
14,223,418,2/7/2015,BB1,None,No,"Cutillo, Barbara",National,PA
14,224,419,2/13/2015,UB1,BB2,No,"Bryant, Patricia",National,UT
14,225,115,2/21/2015,UB1,None,Yes,"Balerud, Carol",Brevet,NE
14,226,199,2/27/2015,V2,FX2,No,"Earl, Janet",National,ID
14,227,420,3/6/2015,UB1,None,Yes,"Bennion, Cathy",National,UT
14,228,58,3/13/2015,V1,FX2,No,"Bennion, Cathy",National,UT
15,194,151,1/4/2015,None,None,Yes,"Berahovich, Leesa",National,CA
15,195,349,1/9/2015,V1,BB1,No,"Earles, Fran",National,AZ
15,196,193,1/16/2015,BB1,None,No,"Blair, Helen (Maureen)",National,OR
15,197,380,1/25/2015,UB1,None,No,"Grayson, Dianne",Brevet,AZ
15,198,386,2/1/2015,UB2,BB1,No,"Chapman-Hoidahl, Shelley",National,CA
15,199,381,2/8/2015,V1,BB1,No,"DeWane, Marian",National,ID
15,200,382,2/13/2015,V1,BB1,Yes,"Ethredge, Patricia",Brevet,TX
15,201,393,2/21/2015,Meet Referee,None,Yes,"Crawford, Mary (Kathy)",National,WA
15,202,429,2/28/2015,V1,FX2,No,"Keller, Beth",National,AZ
15,203,384,3/8/2015,UB1,FX2,No,"Foley, Jeri",National,CA
15,978,415,3/13/2015,BB1,None,No,"Atkinson, Wendy",Brevet,UT
15,205,196,3/21/2015,UB1,None,No,"Balerud, Carol",Brevet,NE
16,729,38,1/10/2015,UB2,BB1,No,"Brewer, Tracy",National,TX
16,730,294,1/18/2015,UB1,BB1,Yes,"Colburn, Lois",Brevet,MA
16,731,276,2/1/2015,V1,None,Yes,"Boeckman, Kathy",National,OK
16,732,39,2/6/2015,V2,BB2,No,"Carminati, Sandra",National,LA
16,733,313,2/8/2015,Meet Referee,None,Yes,"Balerud, Carol",Brevet,NE
16,734,254,2/13/2015,V2,None,No,"Bradshaw, Tracy",National,MO
16,735,277,2/21/2015,V1,BB1,Yes,"Beck, Adriana Ruiz",Brevet,TX
16,736,218,2/27/2015,UB1,FX1,Yes,"Dunn, Martha",National,AK
16,737,219,3/1/2015,V1,BB1,No,"Dunn, Martha",National,AK
16,738,409,3/6/2015,UB2,FX1,No,"Bennett, Brooke",Level 10,IL
16,739,40,3/13/2015,UB1,None,No,"Blilie, Marilyn",National,TX
16,740,41,3/15/2015,UB2,BB1,No,"Blilie, Marilyn",National,TX
16,741,328,3/21/2015,FX1,None,No,"Blaze, Marline",Brevet,TX
17,616,332,1/3/2015,V2,BB1,No,"Brizzi, Helena",National,GA
17,617,333,1/11/2015,Meet Referee,None,Yes,"Evanoff, Sandra",National,MI
17,618,334,1/17/2015,V2,None,No,"Boone, Pamela (Kelly)",National,MI
17,619,307,1/23/2015,V1,FX2,Yes,"Droese, Jane",National,IN
17,620,298,1/31/2015,FX2,None,No,"Alameda, Annie",National,MO
17,621,335,2/6/2015,V1,BB2,No,"Karadbil, Jenna",National,NY
17,622,132,2/15/2015,V1,FX2,No,"Halker, Pamela",National,OH
17,623,336,2/22/2015,UB2,BB2,No,"Ingram, Jane Ann  (Janie)",National,OH
17,624,154,2/27/2015,UB1,None,Yes,"Bunge, Carole",Brevet,CO
17,625,420,3/6/2015,UB1,None,Yes,"Bennion, Cathy",National,UT
17,626,264,3/15/2015,V1,FX1,No,"Borda, Jo Ann (Jody)",National,OH
17,627,147,3/21/2015,FX4,None,No,"Bagneschi, Christopher",Level 10,NY
18,1,142,1/10/2015,UB2,None,No,"Crowe, Michael",National,KY
18,3,159,1/24/2015,V1,FX2,No,"Clifford, Sarah Jane",National,NY
18,5,160,2/7/2015,FX1,None,No,"Busse, Amy",National,PA
18,8,158,2/28/2015,V2,BB2,No,"Bagneschi, Christopher",Level 10,NY
18,9,161,3/7/2015,UB2,FX2,No,"Ellis-Williams, Shawn",National,NJ
18,10,23,3/14/2015,FX1,None,No,"Boeckman, Kathy",National,OK
19,552,455,1/13/2015,UB2,FX2,No,"Furnas, Bobbi",Level 10,NY
19,553,163,1/17/2015,UB2,BB2,No,"Furnas, Bobbi",Level 10,NY
19,554,159,1/24/2015,V1,FX2,No,"Clifford, Sarah Jane",National,NY
19,555,166,1/31/2015,V1,FX2,No,"Dengrove, Rebecca",National,NY
19,556,377,2/8/2015,UB2,BB2,No,"Busse, Amy",National,PA
19,557,68,2/14/2015,V1,FX1,Yes,"Bissonnette, Janine",National,CA
19,558,190,2/21/2015,UB2,BB2,No,"Bagneschi, Christopher",Level 10,NY
19,559,191,3/1/2015,V2,None,No,"Bagneschi, Christopher",Level 10,NY
19,560,167,3/7/2015,UB2,FX1,No,"Ellis-Williams, Shawn",National,NJ
19,561,378,3/14/2015,BB2,None,No,"Adamczyk, Susan",National,PA
20,893,209,1/9/2015,V1,BB2,No,"Alvey, Candace",National,KY
20,478,112,1/17/2015,V1,FX2,No,"Blair, Helen (Maureen)",National,OR
20,938,113,1/19/2015,UB1,BB2,No,"Day, Lynn",National,CO
20,939,380,1/25/2015,UB1,None,No,"Grayson, Dianne",Brevet,AZ
20,940,114,1/29/2015,UB1,BB2,Yes,"Balerud, Laurie",National,CO
20,941,418,2/7/2015,BB1,None,No,"Cutillo, Barbara",National,PA
20,942,20,2/13/2015,UB1,BB1,No,"Giulivo, Barbara",National,OH
20,943,115,2/21/2015,UB1,None,Yes,"Balerud, Carol",Brevet,NE
20,944,413,2/27/2015,V1,None,Yes,"Bennion, Cathy",National,UT
20,945,116,3/7/2015,UB1,None,No,"Balerud, Laurie",National,CO
20,946,69,3/9/2015,UB1,None,No,"Bennion, Cathy",National,UT
20,947,430,3/14/2015,V2,BB2,No,"Carmody, Heather",National,UT
20,948,117,3/21/2015,V2,None,No,"Balerud, Laurie",National,CO
21,681,270,1/9/2015,V1,BB1,Yes,"Evanoff, Sandra",National,MI
21,682,334,1/17/2015,V2,None,No,"Boone, Pamela (Kelly)",National,MI
21,683,271,1/24/2015,V1,BB1,No,"Gnat, Joan",Brevet,FL
21,684,298,1/31/2015,FX2,None,No,"Alameda, Annie",National,MO
21,685,272,2/7/2015,UB2,BB2,No,"Karadbil, Jenna",National,NY
21,686,273,2/15/2015,UB1,FX2,No,"Dent, Janine (Nina)",National,OH
21,687,128,2/20/2015,V2,FX1,No,"Cutillo, Barbara",National,PA
21,688,274,2/22/2015,UB1,BB1,No,"Christensen, Charlene",Brevet,OH
21,689,255,2/28/2015,V2,None,No,"Collins, Lynne",National,MO
21,690,263,3/6/2015,UB2,None,No,"Brewer, Tracy",National,TX
21,691,322,3/15/2015,UB2,BB2,No,"Bennett, Brooke",Level 10,IL
21,692,147,3/21/2015,FX4,None,No,"Bagneschi, Christopher",Level 10,NY
22,693,306,1/11/2015,V1,FX2,Yes,"Borda, Jo Ann (Jody)",National,OH
22,694,6,1/16/2015,UB2,BB2,No,"Beck, Nelena",National,FL
22,695,233,1/23/2015,UB1,BB1,No,"Atkinson, Wendy",Brevet,UT
22,696,7,1/30/2015,V1,FX2,No,"Casterline, Rose (Thome)",National,FL
22,697,2,2/6/2015,UB2,BB1,No,"Cooper, Terri",National,KY
22,698,8,2/13/2015,V1,FX1,No,"Batsche, Cookie (Catherine)",Brevet,FL
22,699,32,2/20/2015,V2,FX2,No,"Bissonnette, Janine",National,CA
22,700,9,2/27/2015,V1,BB2,No,"Boudreaux, Patricia",National,LA
22,701,224,3/6/2015,V1,FX1,No,"Coats-Lauriat, Denise",Brevet,TX
22,702,10,3/13/2015,V1,BB1,No,"Batsche, Cookie (Catherine)",Brevet,FL
22,703,85,3/21/2015,V2,None,No,"Adamczyk, Susan",National,PA
23,442,442,1/9/2015,UB1,None,No,"Anderson, Debra",National,OR
23,443,337,1/18/2015,FX2,None,No,"Crawley, Patricia",National,VA
23,444,17,1/25/2015,FX1,None,No,"Dornon Heimsoth, Kelly",National,IA
23,445,338,2/1/2015,V1,FX1,No,"Ide, Carole",Brevet,SC
23,446,351,2/6/2015,UB1,FX2,No,"DuBois Wright, Cari",National,CA
23,447,152,2/8/2015,UB1,BB2,No,"Crawford, Mary (Kathy)",National,WA
23,448,212,2/14/2015,UB2,None,No,"Alvey, Candace",National,KY
23,449,445,2/20/2015,UB1,None,No,"Kuhlmann, Stephanie",National,AL
23,450,133,3/1/2015,None,None,Yes,"Christensen, Charlene",Brevet,OH
23,451,339,3/8/2015,V2,None,No,"Busse, Amy",National,PA
23,452,369,3/13/2015,V1,FX2,No,"Claar, Nancy",Brevet,PA
23,453,340,3/15/2015,UB1,FX1,No,"Dykes, Marian",Brevet,GA
23,454,441,3/21/2015,FX4,None,No,"Anderson, Debra",National,OR
24,584,201,1/10/2015,V2,BB2,No,"Davis, Cynthia",Level 10,GA
24,585,202,1/16/2015,UB2,BB2,No,"Arnts, Amy",National,AL
24,586,113,1/19/2015,UB1,BB2,No,"Day, Lynn",National,CO
24,587,203,1/24/2015,None,None,Yes,"Doyle, Sharon",National,GA
24,588,7,1/30/2015,V1,FX2,No,"Casterline, Rose (Thome)",National,FL
24,589,31,2/6/2015,V1,FX1,No,"Blaze, Marline",Brevet,TX
24,590,347,2/14/2015,V2,FX2,No,"Alvey, Candace",National,KY
24,591,204,2/20/2015,V1,FX2,No,"Bius, Gwyned",National,GA
24,592,27,2/27/2015,None,None,Yes,"Bius, Gwyned",National,GA
24,593,205,3/7/2015,UB1,FX1,No,"Batsche, Cookie (Catherine)",Brevet,FL
24,594,206,3/14/2015,V1,BB2,No,"Bagneschi, Christopher",Level 10,NY
24,595,85,3/21/2015,V2,None,No,"Adamczyk, Susan",National,PA
25,961,14,1/9/2015,V1,None,No,"Adkins, Jan",Brevet,WI
25,964,121,1/30/2015,BB1,None,No,"Deutsch, Katharine",National,WI
25,966,87,2/10/2015,V1,FX2,No,"Lowery, Elena",National,MN
25,968,15,2/20/2015,V2,FX2,No,"Hadj Romdhane, Sharon",Level 10,MN
25,969,285,2/22/2015,UB1,None,No,"Cote-Burk, Diane",National,NH
25,970,186,3/6/2015,V1,FX1,No,"Birr, Cynthia",National,WI
26,928,180,1/10/2015,V1,BB1,Yes,"Blilie, Marilyn",National,TX
26,929,373,1/16/2015,V2,BB2,No,"Blee-Dilley, Amy",National,MN
26,930,238,1/24/2015,V1,BB1,No,"Johnson, Jean",National,IL
26,931,303,1/30/2015,FX1,None,No,"Anderson, Debra",National,OR
26,932,449,2/6/2015,UB1,None,No,"Adkins, Jan",Brevet,WI
26,933,181,2/14/2015,UB1,FX1,Yes,"Buseman, Jeanelle",National,IA
26,934,182,2/17/2015,UB1,BB2,No,"Ederer, Karin",National,MN
26,935,285,2/22/2015,UB1,None,No,"Cote-Burk, Diane",National,NH
26,936,123,2/27/2015,V1,UB1,Yes,"Adkins, Jan",Brevet,WI
26,937,220,3/15/2015,BB2,None,No,"Deutsch, Katharine",National,WI
27,985,328,3/21/2015,FX1,None,No,"Blaze, Marline",Brevet,TX
28,310,333,1/11/2015,Meet Referee,None,Yes,"Evanoff, Sandra",National,MI
28,311,242,1/17/2015,UB1,FX1,Yes,"Colburn, Lois",Brevet,MA
28,312,77,1/25/2015,UB2,BB2,No,"Borda, Jo Ann (Jody)",National,OH
28,313,243,1/31/2015,UB1,BB2,No,"Dyer, Kimberly",National,IL
28,314,244,2/7/2015,V2,BB2,No,"Bennett, Brooke",Level 10,IL
28,315,357,2/14/2015,UB1,FX1,No,"Atkinson, Wendy",Brevet,UT
28,316,245,2/20/2015,UB1,FX2,No,"Milchanowski, Mary",National,NJ
28,317,246,2/27/2015,V2,FX1,No,"Ackman, Mary Lou",National,IL
28,318,291,3/1/2015,Meet Referee,None,Yes,"Balerud, Carol",Brevet,NE
28,319,321,3/7/2015,BB1,None,No,"Ackman, Mary Lou",National,IL
28,320,293,3/14/2015,Meet Referee,None,Yes,"Balerud, Carol",Brevet,NE
30,365,281,1/10/2015,UB2,FX1,No,"Blilie, Marilyn",National,TX
30,366,316,1/18/2015,V1,None,Yes,"Dornon Heimsoth, Kelly",National,IA
30,367,17,1/25/2015,FX1,None,No,"Dornon Heimsoth, Kelly",National,IA
30,368,453,1/31/2015,V2,None,No,"Beck, Adriana Ruiz",Brevet,TX
30,369,312,2/6/2015,UB2,FX1,No,"Campbell, Debra",National,MI
30,370,313,2/8/2015,Meet Referee,None,Yes,"Balerud, Carol",Brevet,NE
30,371,354,2/13/2015,FX1,None,No,"Ackman, Mary Lou",National,IL
30,372,314,2/20/2015,UB1,BB1,No,"Buseman, Jeanelle",National,IA
30,373,146,2/28/2015,BB1,None,No,"Adamczyk, Susan",National,PA
30,374,358,3/6/2015,V1,FX2,No,"Buseman, Jeanelle",National,IA
30,375,315,3/13/2015,V2,FX2,No,"Bennett, Brooke",Level 10,IL
30,376,83,3/21/2015,UB1,None,No,"Atkinson, Wendy",Brevet,UT
31,321,96,1/18/2015,V1,FX2,No,"Adamczyk, Susan",National,PA
31,322,325,1/25/2015,UB1,BB1,Yes,"Geenty, Mikki",National,CT
31,323,431,2/1/2015,UB2,BB2,No,"Bagneschi, Christopher",Level 10,NY
31,324,160,2/7/2015,FX1,None,No,"Busse, Amy",National,PA
31,325,432,2/15/2015,UB2,None,No,"Bagneschi, Christopher",Level 10,NY
31,326,214,2/21/2015,V1,FX1,No,"Bielert, Kathryn",National,CT
31,327,191,3/1/2015,V2,None,No,"Bagneschi, Christopher",Level 10,NY
31,328,167,3/7/2015,UB2,FX1,No,"Ellis-Williams, Shawn",National,NJ
31,329,38,1/10/2015,UB2,BB1,No,"Brewer, Tracy",National,TX
31,330,310,3/27/2015,UB1,None,No,"Dornon Heimsoth, Kelly",National,IA
32,206,226,1/9/2015,UB2,None,No,"Alameda, Annie",National,MO
32,207,317,1/16/2015,UB1,FX1,Yes,"Dyer, Kimberly",National,IL
32,208,130,1/23/2015,BB1,UB2,No,"Bius, Gwyned",National,GA
32,209,131,1/30/2015,None,None,Yes,"Borda, Jo Ann (Jody)",National,OH
32,210,272,2/7/2015,UB2,BB2,No,"Karadbil, Jenna",National,NY
32,211,132,2/15/2015,V1,FX2,No,"Halker, Pamela",National,OH
32,212,208,2/20/2015,V2,None,No,"Cote-Burk, Diane",National,NH
32,213,133,3/1/2015,None,None,Yes,"Christensen, Charlene",Brevet,OH
32,214,134,3/8/2015,V1,FX2,No,"Boone, Pamela (Kelly)",National,MI
32,215,251,3/14/2015,UB1,BB2,No,"Borda, Jo Ann (Jody)",National,OH
32,216,147,3/21/2015,FX4,None,No,"Bagneschi, Christopher",Level 10,NY
33,562,390,1/12/2015,UB2,FX1,No,"Bjella, Lee",National,WA
33,563,90,1/16/2015,V1,None,No,"Campbell, Debra",National,MI
33,564,203,1/24/2015,None,None,Yes,"Doyle, Sharon",National,GA
33,565,91,1/30/2015,V1,FX1,No,"Baker, Doris",National,IN
33,566,227,2/6/2015,None,None,Yes,"Alameda, Annie",National,MO
33,567,118,2/14/2015,V2,BB1,No,"Jones, Donagene",National,CA
33,568,92,2/20/2015,V1,FX2,No,"Adamczyk, Susan",National,PA
33,569,9,2/27/2015,V1,BB2,No,"Boudreaux, Patricia",National,LA
33,570,93,3/6/2015,V1,FX1,No,"Dillard, Mary",Brevet,AL
33,571,94,3/13/2015,V1,None,Yes,"Alvey, Candace",National,KY
33,572,85,3/21/2015,V2,None,No,"Adamczyk, Susan",National,PA
34,836,288,1/9/2015,UB1,FX1,No,"Balerud, Carol",Brevet,NE
34,841,254,2/13/2015,V2,None,No,"Bradshaw, Tracy",National,MO
34,842,253,2/22/2015,V2,BB2,No,"Bradshaw, Tracy",National,MO
34,843,255,2/28/2015,V2,None,No,"Collins, Lynne",National,MO
35,183,29,1/9/2015,V1,BB1,No,"Bunge, Carole",Brevet,CO
35,184,90,1/16/2015,V1,None,No,"Campbell, Debra",National,MI
35,185,30,1/23/2015,UB2,BB1,No,"Boudreaux, Patricia",National,LA
35,186,453,1/31/2015,V2,None,No,"Beck, Adriana Ruiz",Brevet,TX
35,187,31,2/6/2015,V1,FX1,No,"Blaze, Marline",Brevet,TX
35,188,26,2/13/2015,V1,FX2,No,"Arnts, Amy",National,AL
35,189,32,2/20/2015,V2,FX2,No,"Bissonnette, Janine",National,CA
35,190,236,2/27/2015,V2,BB1,No,"Anderson, Debra",National,OR
35,191,33,3/6/2015,UB2,BB1,No,"Balerud, Carol",Brevet,NE
35,192,40,3/13/2015,UB1,None,No,"Blilie, Marilyn",National,TX
35,193,85,3/21/2015,V2,None,No,"Adamczyk, Susan",National,PA
36,466,442,1/9/2015,UB1,None,No,"Anderson, Debra",National,OR
36,467,443,1/15/2015,V1,BB2,No,"Claar, Nancy",Brevet,PA
36,468,177,1/24/2015,Meet Referee,None,Yes,"Cutillo, Barbara",National,PA
36,469,356,1/30/2015,UB2,FX1,No,"Dyer, Kimberly",National,IL
36,470,444,2/7/2015,V2,BB1,No,"Arnts, Amy",National,AL
36,471,397,2/14/2015,UB2,None,No,"Brady, Rose",National,NJ
36,472,445,2/20/2015,UB1,None,No,"Kuhlmann, Stephanie",National,AL
36,473,21,2/22/2015,BB1,None,No,"Brown, Samantha",Brevet,GA
36,474,278,3/1/2015,FX1,None,No,"Balerud, Laurie",National,CO
36,475,446,3/8/2015,V2,None,No,"Adamczyk, Susan",National,PA
36,476,293,3/14/2015,Meet Referee,None,Yes,"Balerud, Carol",Brevet,NE
36,477,81,3/21/2015,V1,None,No,"Beck, Adriana Ruiz",Brevet,TX
37,172,201,1/10/2015,V2,BB2,No,"Davis, Cynthia",Level 10,GA
37,173,399,1/17/2015,FX1,None,No,"Campbell, Debra",National,MI
37,174,77,1/25/2015,UB2,BB2,No,"Borda, Jo Ann (Jody)",National,OH
37,175,78,1/31/2015,V2,FX1,No,"Campbell, Debra",National,MI
37,176,444,2/7/2015,V2,BB1,No,"Arnts, Amy",National,AL
37,177,261,2/13/2015,Meet Referee,None,Yes,"Campbell, Debra",National,MI
37,178,79,2/20/2015,UB1,BB2,No,"Dent, Janine (Nina)",National,OH
37,179,80,2/28/2015,UB2,FX2,No,"Anderson, Debra",National,OR
37,180,269,3/6/2015,UB1,FX2,No,"Brown, Anne",National,UT
37,181,287,3/14/2015,V2,None,No,"Hamilton, Linsey",Level 10,MN
37,182,81,3/21/2015,V1,None,No,"Beck, Adriana Ruiz",Brevet,TX
38,779,260,1/24/2015,UB2,FX2,No,"Burroughs, Rahsaan",National,DC
38,782,261,2/13/2015,Meet Referee,None,Yes,"Campbell, Debra",National,MI
38,783,262,2/15/2015,V1,FX1,No,"Campbell, Debra",National,MI
38,787,263,3/6/2015,UB2,None,No,"Brewer, Tracy",National,TX
38,987,81,3/21/2015,V1,None,No,"Beck, Adriana Ruiz",Brevet,TX
39,378,281,1/10/2015,UB2,FX1,No,"Blilie, Marilyn",National,TX
39,379,443,1/15/2015,V1,BB2,No,"Claar, Nancy",Brevet,PA
39,380,282,1/17/2015,V1,BB1,No,"Gnat, Joan",Brevet,FL
39,381,260,1/24/2015,UB2,FX2,No,"Burroughs, Rahsaan",National,DC
39,382,283,1/31/2015,V2,FX1,No,"Buseman, Jeanelle",National,IA
39,383,244,2/7/2015,V2,BB2,No,"Bennett, Brooke",Level 10,IL
39,384,284,2/14/2015,V1,FX1,Yes,"Batsche, Cookie (Catherine)",Brevet,FL
39,385,314,2/20/2015,UB1,BB1,No,"Buseman, Jeanelle",National,IA
39,386,285,2/22/2015,UB1,None,No,"Cote-Burk, Diane",National,NH
39,387,286,2/28/2015,FX2,None,No,"Blee-Dilley, Amy",National,MN
39,388,33,3/6/2015,UB2,BB1,No,"Balerud, Carol",Brevet,NE
39,389,287,3/14/2015,V2,None,No,"Hamilton, Linsey",Level 10,MN
39,390,81,3/21/2015,V1,None,No,"Beck, Adriana Ruiz",Brevet,TX
40,704,226,1/9/2015,UB2,None,No,"Alameda, Annie",National,MO
40,705,202,1/16/2015,UB2,BB2,No,"Arnts, Amy",National,AL
40,706,30,1/23/2015,UB2,BB1,No,"Boudreaux, Patricia",National,LA
40,707,406,1/30/2015,UB1,None,No,"Collins, Lynne",National,MO
40,708,227,2/6/2015,None,None,Yes,"Alameda, Annie",National,MO
40,709,228,2/8/2015,UB2,BB2,No,"Bradshaw, Tracy",National,MO
40,710,8,2/13/2015,V1,FX1,No,"Batsche, Cookie (Catherine)",Brevet,FL
40,711,229,2/20/2015,None,None,Yes,"Bradshaw, Tracy",National,MO
40,712,4,2/27/2015,Meet Referee,None,Yes,"Balerud, Laurie",National,CO
40,713,230,3/6/2015,V2,FX2,No,"Alameda, Annie",National,MO
40,714,231,3/13/2015,V2,FX2,No,"Collins, Lynne",National,MO
42,94,142,1/10/2015,UB2,None,No,"Crowe, Michael",National,KY
42,95,433,1/18/2015,V2,BB2,No,"Baxter, Danielle",Level 10,NH
42,96,434,1/24/2015,UB2,FX2,No,"Buchanan, Sally",National,NH
42,97,435,1/31/2015,UB2,FX1,No,"Duffy, Lorraine",National,CT
42,98,436,2/8/2015,V2,None,No,"Buchanan, Sally",National,NH
42,99,257,2/15/2015,V1,None,No,"Buchanan, Sally",National,NH
42,100,21,2/22/2015,BB1,None,No,"Brown, Samantha",Brevet,GA
42,101,286,2/28/2015,FX2,None,No,"Blee-Dilley, Amy",National,MN
42,102,437,3/7/2015,UB1,FX1,Yes,"Colburn, Lois",Brevet,MA
42,151,40,3/13/2015,UB1,None,No,"Blilie, Marilyn",National,TX
42,103,41,3/15/2015,UB2,BB1,No,"Blilie, Marilyn",National,TX
42,241,441,3/21/2015,FX4,None,No,"Anderson, Debra",National,OR
43,659,344,1/9/2015,V1,FX1,Yes,"Hickey, Priscilla",Brevet,WA
43,660,337,1/18/2015,FX2,None,No,"Crawley, Patricia",National,VA
43,661,367,1/25/2015,Meet Referee,None,Yes,"Adamczyk, Susan",National,PA
43,662,211,1/31/2015,V2,None,No,"Curley, Carol",National,FL
43,663,346,2/7/2015,UB1,BB1,No,"Burroughs, Rahsaan",National,DC
43,664,347,2/14/2015,V2,FX2,No,"Alvey, Candace",National,KY
43,665,208,2/20/2015,V2,None,No,"Cote-Burk, Diane",National,NH
43,666,111,2/28/2015,V1,None,No,"Blilie, Marilyn",National,TX
43,667,348,3/7/2015,V2,BB1,No,"Flynn, Jane",National,MD
43,668,28,3/13/2015,None,None,Yes,"Arnts, Amy",National,AL
43,669,441,3/21/2015,FX4,None,No,"Anderson, Debra",National,OR
44,243,209,1/9/2015,V1,BB2,No,"Alvey, Candace",National,KY
44,244,210,1/16/2015,V1,BB2,No,"Crawley, Patricia",National,VA
44,245,275,1/25/2015,V2,FX2,No,"Alameda, Annie",National,MO
44,246,211,1/31/2015,V2,None,No,"Curley, Carol",National,FL
44,247,109,2/6/2015,V1,BB1,No,"Myers, Margaret",Brevet,NJ
44,248,212,2/14/2015,UB2,None,No,"Alvey, Candace",National,KY
44,249,208,2/20/2015,V2,None,No,"Cote-Burk, Diane",National,NH
44,250,80,2/28/2015,UB2,FX2,No,"Anderson, Debra",National,OR
44,251,394,3/6/2015,V1,FX2,No,"Ayres, Nola",National,WA
44,252,231,3/13/2015,V2,FX2,No,"Collins, Lynne",National,MO
44,253,441,3/21/2015,FX4,None,No,"Anderson, Debra",National,OR
45,894,173,1/9/2015,V2,BB1,No,"Hoff, Vicki",National,IN
45,895,317,1/16/2015,UB1,FX1,Yes,"Dyer, Kimberly",National,IL
45,896,318,1/23/2015,UB2,BB2,No,"Bennett, Brooke",Level 10,IL
45,897,140,2/1/2015,V2,FX2,No,"Boone, Pamela (Kelly)",National,MI
45,898,335,2/6/2015,V1,BB2,No,"Karadbil, Jenna",National,NY
45,899,354,2/13/2015,FX1,None,No,"Ackman, Mary Lou",National,IL
45,900,320,2/15/2015,BB1,None,No,"Ayres, Nola",National,WA
45,901,408,2/20/2015,UB1,BB2,No,"Boeckman, Kathy",National,OK
45,902,309,2/27/2015,V1,BB1,Yes,"Halker, Pamela",National,OH
45,903,321,3/7/2015,BB1,None,No,"Ackman, Mary Lou",National,IL
45,904,322,3/15/2015,UB2,BB2,No,"Bennett, Brooke",Level 10,IL
45,905,147,3/21/2015,FX4,None,No,"Bagneschi, Christopher",Level 10,NY
46,455,108,1/9/2015,UB2,FX2,No,"Crowe, Michael",National,KY
46,456,399,1/17/2015,FX1,None,No,"Campbell, Debra",National,MI
46,457,400,1/24/2015,None,None,No,"Crowe, Michael",National,KY
46,458,283,1/31/2015,V2,FX1,No,"Buseman, Jeanelle",National,IA
46,459,248,2/6/2015,V1,FX1,Yes,"Hoff, Vicki",National,IN
46,460,401,2/8/2015,V1,FX2,No,"Cooper, Terri",National,KY
46,461,145,2/14/2015,UB1,FX2,No,"Ceralde, Carla",National,PA
46,462,402,2/20/2015,UB1,FX1,No,"Brown, Samantha",Brevet,GA
46,463,403,2/28/2015,V2,BB2,No,"Pavlick, Amanda (Mandy)",Level 10,TN
46,464,116,3/7/2015,UB1,None,No,"Balerud, Laurie",National,CO
46,465,293,3/14/2015,Meet Referee,None,Yes,"Balerud, Carol",Brevet,NE
46,986,81,3/21/2015,V1,None,No,"Beck, Adriana Ruiz",Brevet,TX
47,404,222,1/9/2015,Meet Referee,Meet Referee,Yes,"Blaze, Marline",Brevet,TX
47,405,282,1/17/2015,V1,BB1,No,"Gnat, Joan",Brevet,FL
47,406,223,1/23/2015,Meet Referee,None,Yes,"Blaze, Marline",Brevet,TX
47,407,114,1/29/2015,UB1,BB2,Yes,"Balerud, Laurie",National,CO
47,408,453,1/31/2015,V2,None,No,"Beck, Adriana Ruiz",Brevet,TX
47,409,312,2/6/2015,UB2,FX1,No,"Campbell, Debra",National,MI
47,410,118,2/14/2015,V2,BB1,No,"Jones, Donagene",National,CA
47,411,79,2/20/2015,UB1,BB2,No,"Dent, Janine (Nina)",National,OH
47,412,246,2/27/2015,V2,FX1,No,"Ackman, Mary Lou",National,IL
47,413,224,3/6/2015,V1,FX1,No,"Coats-Lauriat, Denise",Brevet,TX
47,414,237,3/13/2015,UB2,FX2,No,"Bagneschi, Christopher",Level 10,NY
47,415,83,3/21/2015,UB1,None,No,"Atkinson, Wendy",Brevet,UT
48,422,302,1/12/2015,V1,FX2,No,"Anderson, Debra",National,OR
48,423,316,1/18/2015,V1,None,Yes,"Dornon Heimsoth, Kelly",National,IA
48,424,329,1/26/2015,V2,FX2,No,"DuBois Wright, Cari",National,CA
48,425,303,1/30/2015,FX1,None,No,"Anderson, Debra",National,OR
48,426,304,2/7/2015,V2,BB2,No,"Boylan, Lisa",National,OR
48,427,382,2/13/2015,V1,BB1,Yes,"Ethredge, Patricia",Brevet,TX
48,428,423,2/20/2015,UB2,FX2,No,"Crawford, Mary (Kathy)",National,WA
48,429,305,2/27/2015,UB2,FX2,No,"Carlson, Lynda",National,OR
48,430,292,3/7/2015,UB2,BB1,No,"Dornon Heimsoth, Kelly",National,IA
48,431,221,3/14/2015,BB1,None,No,"Blair, Helen (Maureen)",National,OR
48,981,196,3/21/2015,UB1,None,No,"Balerud, Carol",Brevet,NE
49,56,142,1/10/2015,UB2,None,No,"Crowe, Michael",National,KY
49,58,177,1/24/2015,Meet Referee,None,Yes,"Cutillo, Barbara",National,PA
49,59,243,1/31/2015,UB1,BB2,No,"Dyer, Kimberly",National,IL
49,60,144,2/7/2015,V2,FX2,No,"Fabsik-Swarts, Julie",National,IN
49,61,145,2/14/2015,UB1,FX2,No,"Ceralde, Carla",National,PA
49,62,110,2/21/2015,V1,BB1,No,"Brown, Samantha",Brevet,GA
49,63,146,2/28/2015,BB1,None,No,"Adamczyk, Susan",National,PA
49,64,22,3/8/2015,UB1,FX1,No,"Chandler, Evelyn",Brevet,FL
49,66,81,3/21/2015,V1,None,No,"Beck, Adriana Ruiz",Brevet,TX
50,277,359,1/18/2015,UB2,None,No,"Blitz, Marcy",Level 10,PA
50,278,360,1/25/2015,UB2,FX1,No,"Busse, Amy",National,PA
50,279,361,2/1/2015,V1,None,Yes,"Brady, Rose",National,NJ
50,280,362,2/7/2015,UB1,BB1,No,"Brady, Rose",National,NJ
50,281,452,2/14/2015,UB1,FX2,No,"Butsch, Bonnie",National,CT
50,282,363,2/22/2015,V2,None,No,"Adamczyk, Susan",National,PA
50,283,146,2/28/2015,BB1,None,No,"Adamczyk, Susan",National,PA
50,284,437,3/7/2015,UB1,FX1,Yes,"Colburn, Lois",Brevet,MA
50,285,23,3/14/2015,FX1,None,No,"Boeckman, Kathy",National,OK
50,286,383,3/21/2015,BB2,None,No,"colarossi, Patty",National,MA
51,230,108,1/9/2015,UB2,FX2,No,"Crowe, Michael",National,KY
51,231,337,1/18/2015,FX2,None,No,"Crawley, Patricia",National,VA
51,232,434,1/24/2015,UB2,FX2,No,"Buchanan, Sally",National,NH
51,233,131,1/30/2015,None,None,Yes,"Borda, Jo Ann (Jody)",National,OH
51,234,109,2/6/2015,V1,BB1,No,"Myers, Margaret",Brevet,NJ
51,235,262,2/15/2015,V1,FX1,No,"Campbell, Debra",National,MI
51,236,110,2/21/2015,V1,BB1,No,"Brown, Samantha",Brevet,GA
51,237,111,2/28/2015,V1,None,No,"Blilie, Marilyn",National,TX
51,238,348,3/7/2015,V2,BB1,No,"Flynn, Jane",National,MD
51,239,94,3/13/2015,V1,None,Yes,"Alvey, Candace",National,KY
51,242,441,3/21/2015,FX4,None,No,"Anderson, Debra",National,OR
52,287,213,1/11/2015,UB2,BB1,No,"colarossi, Patty",National,MA
52,288,341,1/17/2015,V2,None,No,"Buchanan, Sally",National,NH
52,289,256,1/24/2015,BB2,None,No,"Baxter, Danielle",Level 10,NH
52,290,438,1/31/2015,FX1,None,No,"Butsch, Bonnie",National,CT
52,291,104,2/7/2015,BB2,None,No,"Argento, Alicia",Level 10,NJ
52,292,432,2/15/2015,UB2,None,No,"Bagneschi, Christopher",Level 10,NY
52,293,214,2/21/2015,V1,FX1,No,"Bielert, Kathryn",National,CT
52,294,191,3/1/2015,V2,None,No,"Bagneschi, Christopher",Level 10,NY
52,295,379,3/5/2015,V1,None,Yes,"Butsch, Bonnie",National,CT
52,296,326,3/8/2015,UB2,FX2,No,"colarossi, Patty",National,MA
53,298,142,1/10/2015,UB2,None,No,"Crowe, Michael",National,KY
53,299,242,1/17/2015,UB1,FX1,Yes,"Colburn, Lois",Brevet,MA
53,300,395,1/24/2015,UB1,None,No,"Blilie, Marilyn",National,TX
53,301,396,1/31/2015,FX2,None,No,"Argento, Alicia",Level 10,NJ
53,302,401,2/8/2015,V1,FX2,No,"Cooper, Terri",National,KY
53,303,397,2/14/2015,UB2,None,No,"Brady, Rose",National,NJ
53,304,208,2/20/2015,V2,None,No,"Cote-Burk, Diane",National,NH
53,305,21,2/22/2015,BB1,None,No,"Brown, Samantha",Brevet,GA
53,307,368,2/27/2015,V2,None,No,"Burke, Lynne",Level 10,NJ
53,306,398,3/7/2015,BB1,None,No,"Clifford, Sarah Jane",National,NY
53,308,287,3/14/2015,V2,None,No,"Hamilton, Linsey",Level 10,MN
53,309,81,3/21/2015,V1,None,No,"Beck, Adriana Ruiz",Brevet,TX
54,789,405,1/11/2015,V2,BB1,No,"Balerud, Laurie",National,CO
54,790,316,1/18/2015,V1,None,Yes,"Dornon Heimsoth, Kelly",National,IA
54,791,223,1/23/2015,Meet Referee,None,Yes,"Blaze, Marline",Brevet,TX
54,792,406,1/30/2015,UB1,None,No,"Collins, Lynne",National,MO
54,793,299,2/6/2015,V1,FX2,No,"Bjella, Lee",National,WA
54,794,3,2/13/2015,Meet Referee,None,Yes,"Bissonnette, Janine",National,CA
54,795,407,2/15/2015,UB1,FX1,No,"Baker, Doris",National,IN
54,796,408,2/20/2015,UB1,BB2,No,"Boeckman, Kathy",National,OK
54,797,403,2/28/2015,V2,BB2,No,"Pavlick, Amanda (Mandy)",Level 10,TN
54,798,409,3/6/2015,UB2,FX1,No,"Bennett, Brooke",Level 10,IL
54,799,172,3/15/2015,UB2,BB2,No,"cook, lorie",National,IN
55,765,151,1/4/2015,None,None,Yes,"Berahovich, Leesa",National,CA
57,754,11,1/9/2015,V1,FX2,No,"Bjella, Lee",National,WA
57,755,334,1/17/2015,V2,None,No,"Boone, Pamela (Kelly)",National,MI
57,756,66,1/24/2015,V1,BB2,No,"Greene, Charity",National,UT
57,757,12,1/30/2015,UB2,BB1,No,"Hansen, Anne (Pier)",National,WA
57,758,59,2/6/2015,V2,BB2,No,"Greene, Charity",National,UT
57,759,153,2/13/2015,UB1,BB2,No,"Berahovich, Leesa",National,CA
57,760,393,2/21/2015,Meet Referee,None,Yes,"Crawford, Mary (Kathy)",National,WA
57,761,13,2/27/2015,UB1,BB1,No,"Kiss, Dawn",National,WA
57,763,221,3/14/2015,BB1,None,No,"Blair, Helen (Maureen)",National,OR
57,764,323,3/21/2015,FX1,None,No,"Boylan, Lisa",National,OR
58,331,324,1/9/2015,V1,BB2,No,"Butsch, Bonnie",National,CT
58,332,341,1/17/2015,V2,None,No,"Buchanan, Sally",National,NH
58,333,395,1/24/2015,UB1,None,No,"Blilie, Marilyn",National,TX
58,334,438,1/31/2015,FX1,None,No,"Butsch, Bonnie",National,CT
58,335,160,2/7/2015,FX1,None,No,"Busse, Amy",National,PA
58,336,377,2/8/2015,UB2,BB2,No,"Busse, Amy",National,PA
58,974,463,2/16/2015,FX1,None,No,"Buchanan, Sally",National,NH
58,338,106,2/27/2015,UB2,None,No,"Blitz, Marcy",Level 10,PA
58,339,446,3/8/2015,V2,None,No,"Adamczyk, Susan",National,PA
58,340,107,3/14/2015,UB2,FX2,No,"Burke, Lynne",Level 10,NJ
58,341,342,3/21/2015,FX2,None,No,"Baxter, Danielle",Level 10,NH
60,354,324,1/9/2015,V1,BB2,No,"Butsch, Bonnie",National,CT
60,355,213,1/11/2015,UB2,BB1,No,"colarossi, Patty",National,MA
60,356,188,1/17/2015,V1,FX1,Yes,"Clifford, Sarah Jane",National,NY
60,357,325,1/25/2015,UB1,BB1,Yes,"Geenty, Mikki",National,CT
60,358,166,1/31/2015,V1,FX2,No,"Dengrove, Rebecca",National,NY
60,359,439,2/7/2015,V1,BB1,No,"Butsch, Bonnie",National,CT
60,360,432,2/15/2015,UB2,None,No,"Bagneschi, Christopher",Level 10,NY
60,361,105,2/21/2015,V2,FX2,No,"Blitz, Marcy",Level 10,PA
60,362,326,3/8/2015,UB2,FX2,No,"colarossi, Patty",National,MA
60,363,378,3/14/2015,BB2,None,No,"Adamczyk, Susan",National,PA
60,364,310,3/27/2015,UB1,None,No,"Dornon Heimsoth, Kelly",National,IA
61,346,329,1/26/2015,V2,FX2,No,"DuBois Wright, Cari",National,CA
61,349,330,2/14/2015,UB2,BB1,No,"Cote-Burk, Diane",National,NH
61,351,331,3/2/2015,V2,FX2,No,"Foley, Jeri",National,CA
62,76,270,1/9/2015,V1,BB1,Yes,"Evanoff, Sandra",National,MI
62,217,337,1/18/2015,FX2,None,No,"Crawley, Patricia",National,VA
62,77,178,1/24/2015,V2,FX2,No,"Adamczyk, Susan",National,PA
62,218,435,1/31/2015,UB2,FX1,No,"Duffy, Lorraine",National,CT
62,219,362,2/7/2015,UB1,BB1,No,"Brady, Rose",National,NJ
62,78,179,2/14/2015,UB2,None,No,"Adamczyk, Susan",National,PA
62,115,97,2/22/2015,V1,BB2,No,"Blitz, Marcy",Level 10,PA
62,79,111,2/28/2015,V1,None,No,"Blilie, Marilyn",National,TX
62,80,161,3/7/2015,UB2,FX2,No,"Ellis-Williams, Shawn",National,NJ
63,265,38,1/10/2015,UB2,BB1,No,"Brewer, Tracy",National,TX
63,266,223,1/23/2015,Meet Referee,None,Yes,"Blaze, Marline",Brevet,TX
63,267,275,1/25/2015,V2,FX2,No,"Alameda, Annie",National,MO
63,268,276,2/1/2015,V1,None,Yes,"Boeckman, Kathy",National,OK
63,269,67,2/7/2015,V1,BB1,Yes,"Callaway, Rebecca",National,CA
63,270,254,2/13/2015,V2,None,No,"Bradshaw, Tracy",National,MO
63,271,407,2/15/2015,UB1,FX1,No,"Baker, Doris",National,IN
63,272,277,2/21/2015,V1,BB1,Yes,"Beck, Adriana Ruiz",Brevet,TX
63,273,278,3/1/2015,FX1,None,No,"Balerud, Laurie",National,CO
63,274,279,3/8/2015,V1,FX1,Yes,"Blaze, Marline",Brevet,TX
63,275,10,3/13/2015,V1,BB1,No,"Batsche, Cookie (Catherine)",Brevet,FL
64,254,226,1/9/2015,UB2,None,No,"Alameda, Annie",National,MO
64,255,370,1/17/2015,UB1,FX2,No,"Crawley, Patricia",National,VA
64,256,367,1/25/2015,Meet Referee,None,Yes,"Adamczyk, Susan",National,PA
64,257,276,2/1/2015,V1,None,Yes,"Boeckman, Kathy",National,OK
64,258,436,2/8/2015,V2,None,No,"Buchanan, Sally",National,NH
64,259,452,2/14/2015,UB1,FX2,No,"Butsch, Bonnie",National,CT
64,260,445,2/20/2015,UB1,None,No,"Kuhlmann, Stephanie",National,AL
64,261,368,2/27/2015,V2,None,No,"Burke, Lynne",Level 10,NJ
64,262,258,3/8/2015,UB2,None,No,"Baxter, Danielle",Level 10,NH
64,263,369,3/13/2015,V1,FX2,No,"Claar, Nancy",Brevet,PA
64,264,340,3/15/2015,UB1,FX1,No,"Dykes, Marian",Brevet,GA
64,342,441,3/21/2015,FX4,None,No,"Anderson, Debra",National,OR
65,742,151,1/4/2015,None,None,Yes,"Berahovich, Leesa",National,CA
65,747,11,1/9/2015,V1,FX2,No,"Bjella, Lee",National,WA
65,748,265,1/16/2015,UB1,None,No,"Brown, Anne",National,UT
65,752,350,1/23/2015,UB1,FX2,No,"Berahovich, Leesa",National,CA
65,749,56,1/30/2015,UB2,None,No,"Buell, Noelle",National,WA
65,743,152,2/8/2015,UB1,BB2,No,"Crawford, Mary (Kathy)",National,WA
65,744,153,2/13/2015,UB1,BB2,No,"Berahovich, Leesa",National,CA
65,750,194,2/20/2015,UB2,FX1,No,"Gill, Molly",National,OR
65,745,154,2/27/2015,UB1,None,Yes,"Bunge, Carole",Brevet,CO
65,751,384,3/8/2015,UB1,FX2,No,"Foley, Jeri",National,CA
65,746,155,3/13/2015,UB1,FX2,No,"Denny, Judith",National,WA
65,753,323,3/21/2015,FX1,None,No,"Boylan, Lisa",National,OR
66,639,302,1/12/2015,V1,FX2,No,"Anderson, Debra",National,OR
66,640,385,1/19/2015,UB1,FX2,No,"Callaway, Rebecca",National,CA
66,630,266,1/23/2015,UB2,FX1,No,"Olsen, AnnaLee",National,UT
66,631,386,2/1/2015,UB2,BB1,No,"Chapman-Hoidahl, Shelley",National,CA
66,643,387,2/9/2015,UB2,FX1,No,"Boylan, Lisa",National,OR
66,633,330,2/14/2015,UB2,BB1,No,"Cote-Burk, Diane",National,NH
66,645,459,2/21/2015,V1,None,No,"Baker, Doris",National,IN
66,635,424,2/28/2015,UB1,BB2,Yes,"Bunge, Carole",Brevet,CO
66,636,389,3/7/2015,V2,BB2,Yes,"Callaway, Rebecca",National,CA
66,648,5,3/13/2015,UB2,BB2,No,"Bradshaw, Tracy",National,MO
66,649,196,3/21/2015,UB1,None,No,"Balerud, Carol",Brevet,NE
67,606,173,1/9/2015,V2,BB1,No,"Hoff, Vicki",National,IN
67,607,426,1/16/2015,BB1,None,No,"Chapman-Hoidahl, Shelley",National,CA
67,608,174,1/25/2015,V2,BB2,No,"Harwood, Judith",National,IL
67,609,298,1/31/2015,FX2,None,No,"Alameda, Annie",National,MO
67,610,175,2/8/2015,V1,BB1,Yes,"Dobransky, Judith",Brevet,MI
67,611,273,2/15/2015,UB1,FX2,No,"Dent, Janine (Nina)",National,OH
67,612,176,2/22/2015,V2,FX1,No,"Alvey, Candace",National,KY
67,613,255,2/28/2015,V2,None,No,"Collins, Lynne",National,MO
67,614,321,3/7/2015,BB1,None,No,"Ackman, Mary Lou",National,IL
67,615,172,3/15/2015,UB2,BB2,No,"cook, lorie",National,IN
68,67,95,1/14/2015,V2,BB2,No,"Gardin, Pamela",Level 10,NJ
68,68,96,1/18/2015,V1,FX2,No,"Adamczyk, Susan",National,PA
68,69,77,1/25/2015,UB2,BB2,No,"Borda, Jo Ann (Jody)",National,OH
68,71,108,1/9/2015,UB2,FX2,No,"Crowe, Michael",National,KY
68,73,97,2/22/2015,V1,BB2,No,"Blitz, Marcy",Level 10,PA
68,74,111,2/28/2015,V1,None,No,"Blilie, Marilyn",National,TX
68,75,378,3/14/2015,BB2,None,No,"Adamczyk, Susan",National,PA
69,523,416,1/9/2015,V1,FX2,No,"Brown, Anne",National,UT
69,524,265,1/16/2015,UB1,None,No,"Brown, Anne",National,UT
69,525,266,1/23/2015,UB2,FX1,No,"Olsen, AnnaLee",National,UT
69,526,427,1/31/2015,V2,FX2,No,"Dornon Heimsoth, Kelly",National,IA
69,527,267,2/6/2015,V1,BB2,No,"Bryant, Patricia",National,UT
69,528,392,2/14/2015,V2,FX2,No,"Edwards, Kathleen",National,OH
69,529,268,2/21/2015,UB1,FX1,No,"Atkinson, Wendy",Brevet,UT
69,530,305,2/27/2015,UB2,FX2,No,"Carlson, Lynda",National,OR
69,531,269,3/6/2015,UB1,FX2,No,"Brown, Anne",National,UT
69,532,206,3/14/2015,V1,BB2,No,"Bagneschi, Christopher",Level 10,NY
69,533,196,3/21/2015,UB1,None,No,"Balerud, Carol",Brevet,NE
70,800,55,1/9/2015,UB1,FX1,No,"Atkinson, Wendy",Brevet,UT
70,801,112,1/17/2015,V1,FX2,No,"Blair, Helen (Maureen)",National,OR
70,802,417,1/23/2015,UB2,BB1,No,"Boylan, Lisa",National,OR
70,803,56,1/30/2015,UB2,None,No,"Buell, Noelle",National,WA
70,804,59,2/6/2015,V2,BB2,No,"Greene, Charity",National,UT
70,805,198,2/15/2015,V1,BB2,No,"Cote-Burk, Diane",National,NH
70,806,57,2/20/2015,UB1,BB1,No,"Atkinson, Wendy",Brevet,UT
70,807,413,2/27/2015,V1,None,Yes,"Bennion, Cathy",National,UT
70,808,278,3/1/2015,FX1,None,No,"Balerud, Laurie",National,CO
70,975,420,3/6/2015,UB1,None,Yes,"Bennion, Cathy",National,UT
70,810,58,3/13/2015,V1,FX2,No,"Bennion, Cathy",National,UT
70,811,353,3/15/2015,UB1,FX2,No,"Bjella, Lee",National,WA
70,979,117,3/21/2015,V2,None,No,"Balerud, Laurie",National,CO
71,162,390,1/12/2015,UB2,FX1,No,"Bjella, Lee",National,WA
71,163,210,1/16/2015,V1,BB2,No,"Crawley, Patricia",National,VA
71,164,391,1/24/2015,Meet Referee,Meet Referee,Yes,"Bjella, Lee",National,WA
71,165,303,1/30/2015,FX1,None,No,"Anderson, Debra",National,OR
71,166,387,2/9/2015,UB2,FX1,No,"Boylan, Lisa",National,OR
71,167,392,2/14/2015,V2,FX2,No,"Edwards, Kathleen",National,OH
71,168,393,2/21/2015,Meet Referee,None,Yes,"Crawford, Mary (Kathy)",National,WA
71,169,331,3/2/2015,V2,FX2,No,"Foley, Jeri",National,CA
71,170,394,3/6/2015,V1,FX2,No,"Ayres, Nola",National,WA
71,171,155,3/13/2015,UB1,FX2,No,"Denny, Judith",National,WA
71,980,196,3/21/2015,UB1,None,No,"Balerud, Carol",Brevet,NE
72,104,95,1/14/2015,V2,BB2,No,"Gardin, Pamela",Level 10,NJ
72,105,163,1/17/2015,UB2,BB2,No,"Furnas, Bobbi",Level 10,NY
72,106,367,1/25/2015,Meet Referee,None,Yes,"Adamczyk, Susan",National,PA
72,107,361,2/1/2015,V1,None,Yes,"Brady, Rose",National,NJ
72,108,104,2/7/2015,BB2,None,No,"Argento, Alicia",Level 10,NJ
72,109,179,2/14/2015,UB2,None,No,"Adamczyk, Susan",National,PA
72,110,105,2/21/2015,V2,FX2,No,"Blitz, Marcy",Level 10,PA
72,111,106,2/27/2015,UB2,None,No,"Blitz, Marcy",Level 10,PA
72,112,398,3/7/2015,BB1,None,No,"Clifford, Sarah Jane",National,NY
72,113,107,3/14/2015,UB2,FX2,No,"Burke, Lynne",Level 10,NJ
72,114,342,3/21/2015,FX2,None,No,"Baxter, Danielle",Level 10,NH
73,512,442,1/9/2015,UB1,None,No,"Anderson, Debra",National,OR
73,513,399,1/17/2015,FX1,None,No,"Campbell, Debra",National,MI
73,514,17,1/25/2015,FX1,None,No,"Dornon Heimsoth, Kelly",National,IA
73,515,211,1/31/2015,V2,None,No,"Curley, Carol",National,FL
73,516,436,2/8/2015,V2,None,No,"Buchanan, Sally",National,NH
73,517,20,2/13/2015,UB1,BB1,No,"Giulivo, Barbara",National,OH
73,518,21,2/22/2015,BB1,None,No,"Brown, Samantha",Brevet,GA
73,519,111,2/28/2015,V1,None,No,"Blilie, Marilyn",National,TX
73,520,22,3/8/2015,UB1,FX1,No,"Chandler, Evelyn",Brevet,FL
73,521,23,3/14/2015,FX1,None,No,"Boeckman, Kathy",National,OK
73,522,83,3/21/2015,UB1,None,No,"Atkinson, Wendy",Brevet,UT
75,596,370,1/17/2015,UB1,FX2,No,"Crawley, Patricia",National,VA
75,597,367,1/25/2015,Meet Referee,None,Yes,"Adamczyk, Susan",National,PA
75,598,211,1/31/2015,V2,None,No,"Curley, Carol",National,FL
75,599,346,2/7/2015,UB1,BB1,No,"Burroughs, Rahsaan",National,DC
75,600,212,2/14/2015,UB2,None,No,"Alvey, Candace",National,KY
75,601,445,2/20/2015,UB1,None,No,"Kuhlmann, Stephanie",National,AL
75,602,158,2/28/2015,V2,BB2,No,"Bagneschi, Christopher",Level 10,NY
75,603,446,3/8/2015,V2,None,No,"Adamczyk, Susan",National,PA
75,604,370,1/17/2015,UB1,FX2,No,"Crawley, Patricia",National,VA
75,605,383,3/21/2015,BB2,None,No,"colarossi, Patty",National,MA
77,951,86,1/23/2015,UB1,BB2,No,"Lowery, Elena",National,MN
77,954,87,2/10/2015,V1,FX2,No,"Lowery, Elena",National,MN
77,959,215,3/5/2015,UB1,BB1,No,"Adkins, Jan",Brevet,WI
80,917,180,1/10/2015,V1,BB1,Yes,"Blilie, Marilyn",National,TX
80,918,184,1/16/2015,UB1,BB1,Yes,"Adkins, Jan",Brevet,WI
80,919,120,1/22/2015,UB1,BB2,No,"Lowery, Elena",National,MN
80,920,396,1/31/2015,FX2,None,No,"Argento, Alicia",Level 10,NJ
80,921,185,2/6/2015,UB1,BB1,No,"Ferguson Connelly, Kathryn (Kay)",National,WI
80,922,450,2/20/2015,V1,FX1,Yes,"Deutsch, Katharine",National,WI
80,923,241,2/28/2015,V1,BB2,No,"Harper, Laurelyn",Level 10,WI
80,924,186,3/6/2015,V1,FX1,No,"Birr, Cynthia",National,WI
80,925,220,3/15/2015,BB2,None,No,"Deutsch, Katharine",National,WI
80,926,310,3/27/2015,UB1,None,No,"Dornon Heimsoth, Kelly",National,IA
80,927,311,3/28/2015,FX1,None,No,"Dornon Heimsoth, Kelly",National,IA
82,650,448,1/9/2015,UB1,FX1,Yes,"Blilie, Marilyn",National,TX
82,651,426,1/16/2015,BB1,None,No,"Chapman-Hoidahl, Shelley",National,CA
82,652,374,1/23/2015,V2,BB2,No,"Hadj Romdhane, Sharon",Level 10,MN
82,653,121,1/30/2015,BB1,None,No,"Deutsch, Katharine",National,WI
82,654,449,2/6/2015,UB1,None,No,"Adkins, Jan",Brevet,WI
82,655,450,2/20/2015,V1,FX1,Yes,"Deutsch, Katharine",National,WI
82,656,451,2/28/2015,UB1,BB1,Yes,"Ederer, Karin",National,MN
82,657,16,3/6/2015,V1,BB1,Yes,"Deutsch, Katharine",National,WI
82,658,220,3/15/2015,BB2,None,No,"Deutsch, Katharine",National,WI
82,988,310,3/27/2015,UB1,None,No,"Dornon Heimsoth, Kelly",National,IA
82,989,311,3/28/2015,FX1,None,No,"Dornon Heimsoth, Kelly",National,IA
83,479,448,1/9/2015,UB1,FX1,Yes,"Blilie, Marilyn",National,TX
83,480,207,1/17/2015,BB2,None,No,"Alvey, Candace",National,KY
83,481,238,1/24/2015,V1,BB1,No,"Johnson, Jean",National,IL
83,482,239,1/31/2015,V1,BB1,Yes,"Oldham, Sandra",Brevet,IL
83,483,375,2/1/2015,UB2,FX2,No,"Hamilton, Linsey",Level 10,MN
83,484,240,2/13/2015,V1,None,No,"Adkins, Jan",Brevet,WI
83,485,122,2/20/2015,V1,FX2,No,"Ferguson Connelly, Kathryn (Kay)",National,WI
83,486,241,2/28/2015,V1,BB2,No,"Harper, Laurelyn",Level 10,WI
83,487,220,3/15/2015,BB2,None,No,"Deutsch, Katharine",National,WI
83,488,310,3/27/2015,UB1,None,No,"Dornon Heimsoth, Kelly",National,IA
83,489,311,3/28/2015,FX1,None,No,"Dornon Heimsoth, Kelly",National,IA
84,152,433,1/18/2015,V2,BB2,No,"Baxter, Danielle",Level 10,NH
84,153,360,1/25/2015,UB2,FX1,No,"Busse, Amy",National,PA
84,154,438,1/31/2015,FX1,None,No,"Butsch, Bonnie",National,CT
84,155,439,2/7/2015,V1,BB1,No,"Butsch, Bonnie",National,CT
84,156,354,2/13/2015,FX1,None,No,"Ackman, Mary Lou",National,IL
84,157,363,2/22/2015,V2,None,No,"Adamczyk, Susan",National,PA
84,158,368,2/27/2015,V2,None,No,"Burke, Lynne",Level 10,NJ
84,159,339,3/8/2015,V2,None,No,"Busse, Amy",National,PA
84,160,259,3/15/2015,UB2,FX2,No,"Buchanan, Sally",National,NH
84,161,383,3/21/2015,BB2,None,No,"colarossi, Patty",National,MA
