1,36,1,9,2015,Air Force Academy,47.075,46.025,47.650,45.925,186.675,A,Utah State,193.975,1724
1,37,1,24,2015,Air Force Academy,48.350,47.350,47.975,48.600,192.275,H,Seattle Pacific,192.65,0
1,38,1,30,2015,Air Force Academy,48.100,47.800,47.075,47.925,190.900,A,Auburn,196.625,5881
1,39,2,7,2015,Air Force Academy,48.225,48.050,47.725,48.500,192.500,H,Texas Woman's,191.85,500
1,40,2,14,2015,Air Force Academy,48.000,47.425,47.550,48.525,191.500,H,Cortland State,187.525,0
1,41,2,20,2015,Air Force Academy,48.175,47.875,47.225,48.575,191.850,A,Illinois State,194.225,217
1,42,2,27,2015,Air Force Academy,48.250,47.900,48.400,48.575,193.125,A,Seattle Pacific,193.05,625
1,43,3,7,2015,Air Force Academy,48.425,48.375,48.150,48.500,193.450,A,"Denver, Ohio State",196.925,2502
1,44,3,9,2015,Air Force Academy,48.200,48.850,47.475,48.700,193.225,H,"Denver, Alaska",196.45,500
1,45,3,13,2015,Air Force Academy,48.175,47.200,46.850,48.825,191.050,A,Arizona State,195.175,1614
1,46,3,21,2015,Air Force Academy,47.775,47.825,46.900,48.650,191.150,A,"Alaska, Sacramento State, San Jose State, Seattle Pacific, UC Davis",195.3,0
2,858,1,9,2015,Alabama,49.375,48.500,49.050,49.300,196.225,H,Arizona,194.375,12123
2,859,1,16,2015,Alabama,49.475,49.100,48.150,49.450,196.175,A,Arkansas,196.325,3164
2,860,1,23,2015,Alabama,49.500,49.225,49.325,49.350,197.400,H,Florida,196.8,13778
2,861,1,30,2015,Alabama,49.300,48.850,49.300,49.250,196.700,A,Kentucky,195.625,2759
2,862,2,6,2015,Alabama,49.200,49.350,49.325,49.450,197.325,H,Auburn,196.825,13028
2,863,2,13,2015,Alabama,49.450,49.475,49.425,49.450,197.800,H,Boise State,195.45,11117
2,864,2,20,2015,Alabama,49.425,49.375,49.350,49.525,197.675,A,Georgia,196.825,9978
2,865,2,27,2015,Alabama,49.375,49.225,49.225,49.400,197.225,H,L.S.U.,197.35,11749
2,866,3,6,2015,Alabama,49.150,49.475,49.225,49.500,197.350,A,Missouri,195.275,0
2,867,3,8,2015,Alabama,49.250,49.525,49.225,49.200,197.200,A,Auburn,197.025,6082
2,868,3,13,2015,Alabama,49.450,49.100,49.525,49.425,197.500,H,Oklahoma,197.725,10722
2,869,3,21,2015,Alabama,49.500,49.275,49.275,49.475,197.525,A,SEC Championships,197.45,8758
3,534,1,8,2015,Alaska,48.200,47.875,48.175,47.300,191.550,H,Winona State,178.45,292
3,535,1,10,2015,Alaska,47.775,48.175,48.300,48.000,192.250,H,Winona State,185.275,446
3,536,1,17,2015,Alaska,47.600,47.025,46.925,47.300,188.850,A,"BYU, Bowling Green, Wisconsin-Whitewater",193.075,1300
3,537,1,30,2015,Alaska,48.275,48.000,48.575,46.975,191.825,A,Seattle Pacific,189.55,473
3,538,2,13,2015,Alaska,47.525,45.925,47.925,47.675,189.050,A,"Wisconsin-Whitewater, Winona State",190.575,400
3,539,2,15,2015,Alaska,48.100,46.375,47.575,48.875,190.925,A,"Northern Illinois, Bowling Green",195.65,632
3,540,2,27,2015,Alaska,48.225,48.225,46.025,48.200,190.675,H,Centenary College,185.475,411
3,541,3,1,2015,Alaska,48.150,48.250,48.650,47.700,192.750,H,Centenary College,191.675,388
3,542,3,6,2015,Alaska,48.250,47.825,48.275,48.150,192.500,A,Boise State,196.8,802
3,543,3,9,2015,Alaska,48.375,48.625,48.025,48.800,193.825,A,"Air Force Academy, Denver",196.45,250
3,544,3,21,2015,Alaska,48.575,48.375,47.875,48.875,193.700,H,"Air Force Academy, UC Davis, Sacramento State, San Jose State, Seattle Pacific",195.3,853
4,824,1,9,2015,Arizona,48.750,48.950,48.825,47.850,194.375,A,Alabama,196.225,12123
4,825,1,16,2015,Arizona,48.775,48.875,48.500,49.100,195.250,H,"Sacramento State, Wisconsin-Stout, UIC",193.35,1902
4,826,1,19,2015,Arizona,48.675,49.050,48.475,49.100,195.300,A,UCLA,195.975,4484
4,827,1,24,2015,Arizona,48.900,49.025,49.050,49.075,196.050,A,Washington,195.95,2253
4,828,1,31,2015,Arizona,49.075,49.150,48.975,49.175,196.375,H,Utah,197.85,2112
4,829,2,7,2015,Arizona,48.825,48.625,48.825,48.825,195.100,A,Oregon State,196.25,4272
4,830,2,16,2015,Arizona,49.025,49.300,49.175,49.125,196.625,H,Arizona State,195.375,1307
4,831,2,28,2015,Arizona,48.950,49.125,49.050,49.350,196.475,H,California,196.1,1290
4,832,3,6,2015,Arizona,49.025,48.275,49.025,49.125,195.450,A,"Michigan State, Eastern Michigan",195.25,0
4,833,3,8,2015,Arizona,49.150,49.275,49.450,49.250,197.125,A,Texas Woman's,197.125,453
4,834,3,14,2015,Arizona,49.075,49.275,49.225,49.275,196.850,H,Denver,196.85,1159
4,835,3,21,2015,Arizona,48.875,48.975,49.100,49.275,196.225,A,"Arizona State, California, Oregon State, Stanford, UCLA, Utah, Washington",198.15,23568
5,573,1,9,2015,Arizona State,47.975,49.050,48.275,48.900,194.200,H,Southern Utah,193.925,1031
5,574,1,16,2015,Arizona State,48.525,48.875,48.175,48.825,194.400,A,Kentucky,196.6,5105
5,575,1,25,2015,Arizona State,48.400,48.350,48.225,47.625,192.650,A,"California, San Jose State, Denver",195.9,0
5,576,1,31,2015,Arizona State,48.525,48.825,49.025,47.450,193.775,H,Stanford,196.525,1407
5,577,2,6,2015,Arizona State,48.550,48.800,48.050,48.700,194.100,A,Utah,197.825,14400
5,578,2,16,2015,Arizona State,48.650,49.000,48.925,48.800,195.375,A,Arizona,196.625,0
5,579,2,20,2015,Arizona State,48.700,48.650,47.725,48.400,193.475,H,Oregon State,196.275,1607
5,580,2,28,2015,Arizona State,48.475,48.725,48.475,48.575,194.250,H,UCLA,197.35,1231
5,581,3,6,2015,Arizona State,38.050,46.625,38.975,38.675,162.325,A,Southern Utah,195.925,0
5,582,3,13,2015,Arizona State,48.500,48.975,48.675,49.025,195.175,H,Air Force Academy,191.05,1614
5,583,3,21,2015,Arizona State,48.475,48.700,47.100,48.425,192.700,A,"Arizona, California, Stanford, UCLA, Utah, Oregon State, Washington",198.15,9166
6,490,1,9,2015,Arkansas,49.100,48.450,48.375,48.975,194.900,A,Oklahoma,197.625,2336
6,491,1,16,2015,Arkansas,49.375,49.125,48.225,49.600,196.325,H,Alabama,196.175,3164
6,492,1,23,2015,Arkansas,49.050,49.125,48.825,49.250,196.250,A,Auburn,197.075,6229
6,493,1,31,2015,Arkansas,49.250,49.100,48.800,49.100,196.250,A,"Oklahoma, Iowa State, L.S.U.",197.7,0
6,494,2,6,2015,Arkansas,49.425,48.875,47.950,49.125,195.375,H,Florida,197.2,4654
6,495,2,13,2015,Arkansas,49.250,49.050,49.000,49.350,196.650,H,"Illinois State, S.E. Missouri",192.05,2604
6,496,2,20,2015,Arkansas,49.150,48.850,47.825,49.000,194.825,A,Kentucky,195.75,1934
6,497,2,27,2015,Arkansas,49.200,49.200,48.200,49.225,195.825,H,Missouri,195.275,1724
6,498,3,7,2015,Arkansas,49.275,49.075,49.100,49.200,196.650,A,Georgia,196.775,9956
6,499,3,13,2015,Arkansas,49.150,48.975,48.475,49.300,195.900,H,UCLA,197.175,2504
6,500,3,21,2015,Arkansas,49.250,48.825,48.675,49.200,195.950,A,"Alabama, Auburn, Florida, Georgia, Kentucky, L.S.U., Missouri",197.525,8758
6,994,4,4,2015,Arkansas,49.375,49.125,49.150,48.850,196.500,A,"Florida, Stanford, Illinois-Champaign, New Hampshire, West Virginia",197.475,1445
7,812,1,9,2015,Auburn,48.250,48.675,48.650,48.575,194.150,A,North Carolina,193.75,2508
7,813,1,16,2015,Auburn,49.150,48.950,48.475,49.075,195.650,A,Florida,197.2,6754
7,814,1,23,2015,Auburn,49.125,49.525,49.150,49.275,197.075,H,Arkansas,196.25,6229
7,815,1,30,2015,Auburn,49.125,49.175,49.075,49.250,196.625,H,Air Force Academy,190.9,5881
7,816,2,6,2015,Auburn,49.325,49.075,49.400,49.025,196.825,A,Alabama,197.325,13028
7,817,2,13,2015,Auburn,49.500,49.200,49.275,49.325,197.300,H,L.S.U.,197.35,6688
7,818,2,20,2015,Auburn,49.200,49.200,49.275,49.200,196.875,A,Missouri,195.8,342
7,819,2,27,2015,Auburn,49.375,49.450,49.375,49.550,197.750,H,Georgia,196.775,7424
7,820,3,6,2015,Auburn,49.275,48.975,48.700,49.375,196.325,A,Kentucky,196.575,1167
7,821,3,8,2015,Auburn,49.300,49.325,49.025,49.375,197.025,A,Alabama,197.2,6082
7,822,3,13,2015,Auburn,49.425,49.125,49.250,49.300,197.100,H,North Carolina,194.025,4718
7,823,3,21,2015,Auburn,49.300,49.150,49.400,49.075,196.925,A,"Alabama, Arkansas, Florida, Georgia, Kentucky, L.S.U., Missouri",197.525,8758
7,991,4,4,2015,Auburn,-,-,-,-,-,H,"Alabama, Minnesota, Iowa, Maryland, George Washington","",""
8,881,1,11,2015,Ball State,48.700,47.825,48.625,48.550,193.700,H,Florida,196.925,1564
8,882,1,18,2015,Ball State,48.675,48.200,47.700,48.775,193.350,A,"Iowa, Michigan State",195.625,800
8,883,1,23,2015,Ball State,48.825,48.975,46.950,49.025,193.775,H,Central Michigan,196.175,686
8,884,2,2,2015,Ball State,48.475,47.500,46.400,48.075,190.450,A,Southern Utah,194.8,1427
8,885,2,8,2015,Ball State,48.200,47.850,49.125,48.700,193.875,A,Bowling Green,195.5,500
8,886,2,13,2015,Ball State,48.050,48.400,48.575,48.525,193.550,H,Western Michigan,193.275,500
8,887,2,22,2015,Ball State,48.450,48.275,48.275,48.875,193.875,A,Eastern Michigan,195.275,114
8,888,2,27,2015,Ball State,49.100,47.775,48.375,48.950,194.200,H,Northern Illinois,193.225,600
8,889,3,2,2015,Ball State,48.800,48.125,48.650,48.900,194.475,A,Illinois State,193.975,216
8,890,3,8,2015,Ball State,49.000,48.400,49.000,49.100,195.500,A,Kent State,196.8,500
8,891,3,13,2015,Ball State,48.675,48.825,48.500,48.200,194.200,A,"Kentucky, Pittsburgh",196.175,1804
8,892,3,21,2015,Ball State,48.625,47.425,48.125,49.025,193.200,A,"Bowling Green, Central Michigan, Eastern Michigan, Kent State, Western Michigan, Northern Illinois",196.375,1481
9,391,1,16,2015,Boise State,49.225,48.950,48.500,47.850,194.525,A,"Utah, Southern Utah, UC Davis",196.675,14254
9,392,1,23,2015,Boise State,49.225,49.200,49.175,49.125,196.725,H,Southern Utah,195.75,2846
9,393,1,30,2015,Boise State,49.175,49.075,48.975,48.750,195.975,A,Utah State,194.275,1520
9,394,2,7,2015,Boise State,49.300,49.400,48.975,48.950,196.625,A,"BYU, Denver",196.15,888
9,395,2,13,2015,Boise State,49.125,49.325,49.100,47.900,195.450,A,Alabama,197.8,11117
9,396,2,15,2015,Boise State,49.300,49.225,48.675,48.725,195.925,H,Utah State,194.475,752
9,397,2,20,2015,Boise State,49.200,49.075,48.775,48.975,196.025,A,Ohio State,194.925,479
9,398,2,27,2015,Boise State,49.375,49.150,48.475,49.275,196.275,H,BYU,194.75,1455
9,399,3,6,2015,Boise State,49.100,49.575,48.900,49.225,196.800,H,Alaska,192.5,802
9,400,3,13,2015,Boise State,49.225,49.250,48.700,49.050,196.225,A,"Southern Utah, California",196.325,1437
9,401,3,21,2015,Boise State,49.275,49.400,48.775,49.175,196.625,A,"Denver, Southern Utah, Utah State",196.275,1468
9,996,4,4,2015,Boise State,49.200,48.650,48.450,49.075,195.375,A,"Utah, Georgia, California, Utah State, BYU",197.025,1784
10,416,1,10,2015,Bowling Green,48.850,48.675,48.600,48.650,194.775,H,Michigan State,194.075,400
10,421,1,17,2015,Bowling Green,47.975,47.675,47.200,48.325,191.175,A,"BYU, Alaska, Wisconsin-Whitewater",193.075,1300
10,546,1,24,2015,Bowling Green,48.650,47.625,47.950,48.200,192.425,A,Eastern Michigan,195.25,294
10,547,2,1,2015,Bowling Green,48.425,47.225,48.750,48.625,193.025,A,"George Washington, Pittsburgh",194.775,300
10,417,2,6,2015,Bowling Green,48.850,48.550,48.875,48.925,195.200,H,Ohio State,195.65,1000
10,418,2,8,2015,Bowling Green,48.775,49.000,48.775,48.950,195.500,H,Ball State,193.875,500
10,548,2,15,2015,Bowling Green,48.950,48.300,48.825,49.125,195.200,A,Northern Illinois,195.65,632
10,549,2,22,2015,Bowling Green,48.125,48.675,47.175,48.725,192.700,A,Central Michigan,196.125,500
10,419,2,28,2015,Bowling Green,48.775,48.500,48.500,48.225,194.000,H,Western Michigan,194.8,500
10,976,3,6,2015,Bowling Green,49.000,48.950,48.750,48.550,195.250,A,"Michigan State, Eastern Michigan, Arizona",195.45,0
10,550,3,7,2015,Bowling Green,-,-,-,-,-,A,"Rutgers, West Chester","",""
10,420,3,14,2015,Bowling Green,48.900,49.075,48.750,48.975,195.700,H,Kent State,195.05,400
10,551,3,21,2015,Bowling Green,49.100,48.700,47.475,48.300,193.575,A,"Kent State, Central Michigan, Ball State, Western Michigan, Northern Illinois, Eastern Michigan, S.E. Missouri",196.375,1481
11,127,1,17,2015,Bridgeport,47.125,48.650,48.000,48.225,192.000,A,"Southern Conn., Brown, Rhode Island College",191.075,100
11,129,1,24,2015,Bridgeport,47.750,48.025,47.300,48.425,191.500,A,"Brown, Rhode Island College",192.375,0
11,130,1,31,2015,Bridgeport,48.475,47.550,48.775,48.650,193.450,A,Yale,191.375,200
11,377,2,7,2015,Bridgeport,48.550,48.600,48.250,48.725,194.125,A,"West Chester, Ursinus College, Rhode Island College",191.825,400
11,131,2,14,2015,Bridgeport,48.425,48.300,48.625,49.025,194.375,A,"Temple, West Chester, Pennsylvania",191.7,150
11,132,2,16,2015,Bridgeport,48.625,48.825,48.325,48.675,194.450,A,"Brown, New Hampshire, Southern Conn.",196.075,0
11,133,2,21,2015,Bridgeport,48.750,47.550,47.650,48.625,192.575,A,"UCLA, California, Nebraska",197.05,7264
11,134,2,28,2015,Bridgeport,47.975,48.825,47.975,48.975,193.750,A,"Cornell, William & Mary",192.975,300
11,972,3,7,2015,Bridgeport,48.700,48.550,48.575,48.925,194.750,A,"Rutgers, Bowling Green, West Chester",195.2,3000
11,136,3,8,2015,Bridgeport,48.550,48.650,47.975,48.900,194.075,A,Maryland,196,1734
11,977,3,11,2015,Bridgeport,48.450,49.050,48.725,49.250,195.475,H,Brown,192.925,300
11,137,3,14,2015,Bridgeport,49.100,48.025,48.225,49.325,194.675,A,William & Mary,195,750
11,138,3,21,2015,Bridgeport,48.625,48.850,48.725,49.025,195.225,A,"Southern Conn., West Chester",191.875,200
12,13,1,13,2015,Brockport State,46.425,46.000,46.000,46.575,185.000,A,Cortland State,184.625,220
12,14,1,17,2015,Brockport State,47.525,46.525,47.200,47.800,189.100,H,Springfield College,183.45,200
12,15,1,24,2015,Brockport State,48.125,46.250,47.400,46.300,188.075,A,"Rutgers, Nebraska",196.25,1000
12,16,2,1,2015,Brockport State,47.300,46.175,46.700,47.150,187.325,A,Ithaca College,184.95,0
12,17,2,7,2015,Brockport State,46.750,47.150,47.075,48.450,189.425,A,Cornell,190.625,300
12,18,2,14,2015,Brockport State,47.300,47.175,45.800,46.875,187.150,A,Ithaca College,184.55,200
12,19,2,21,2015,Brockport State,47.450,47.200,47.650,48.750,191.050,H,Cortland State,186.375,500
12,20,2,28,2015,Brockport State,47.400,46.675,48.400,48.275,190.750,A,"Penn State, Iowa State, Pennsylvania",196.65,2000
12,21,3,1,2015,Brockport State,47.775,48.125,48.150,48.175,192.225,H,"Rhode Island College, Ithaca,  Cortland",187.475,600
12,22,3,14,2015,Brockport State,48.125,48.175,48.025,48.750,193.075,A,"Ursinus College, Cortland State, Ithaca College, Rhode Island College, Springfield College",193.55,0
12,23,3,20,2015,Brockport State,-,-,-,-,-,A,Wisconsin-La Crosse,"",""
13,83,1,17,2015,Brown,47.375,48.150,47.575,47.975,191.075,A,"Southern Conn., Bridgeport, Rhode Island College",192,300
13,84,1,24,2015,Brown,47.275,48.325,48.400,48.375,192.375,H,"Bridgeport, Rhode Island College",191.5,600
13,85,1,31,2015,Brown,48.350,48.450,47.425,48.650,192.875,A,"Rutgers, Michigan State, WI-Oshkosh",194.95,850
13,86,2,8,2015,Brown,48.350,48.650,48.025,48.450,193.475,A,"New Hampshire, West Virginia, Towson University",196.525,1281
13,87,2,16,2015,Brown,48.125,48.450,48.725,48.700,194.000,H,"New Hampshire, Bridgeport, Southern Conn.",196.075,0
13,88,2,22,2015,Brown,48.125,48.900,47.750,48.650,193.425,A,"Pennsylvania, Cornell, Yale",193.725,0
13,89,3,1,2015,Brown,48.600,48.700,48.025,48.625,193.950,A,"Texas Woman's, Maryland, Utah State",195.525,404
13,91,3,8,2015,Brown,48.150,48.475,47.900,48.875,193.400,H,"Lindenwood University, Towson University",193.125,225
13,90,3,11,2015,Brown,47.925,48.450,47.825,48.725,192.925,A,Bridgeport,195.475,300
13,92,3,15,2015,Brown,47.675,48.625,47.800,49.050,193.150,H,Yale,192.775,275
13,93,3,21,2015,Brown,48.725,48.600,47.800,49.025,194.150,A,"Yale, Cornell, Pennsylvania, Temple, William & Mary",194.375,800
14,220,1,9,2015,BYU,48.700,48.200,47.525,48.925,193.350,H,Utah,196.9,2527
14,240,1,17,2015,BYU,48.800,48.675,47.600,48.000,193.075,A,"Alaska, Bowling Green, Wisconsin-Whitewater",191.175,1300
14,221,1,23,2015,BYU,49.050,48.850,48.175,49.225,195.300,H,Utah State,195.5,1561
14,222,1,30,2015,BYU,48.900,48.950,48.950,48.875,195.675,A,Southern Utah,195.65,2246
14,223,2,7,2015,BYU,48.800,48.725,48.875,49.050,195.450,H,"Boise State, Denver",196.625,888
14,224,2,13,2015,BYU,49.050,48.950,47.975,49.000,194.975,H,Southern Utah,195.5,1170
14,225,2,21,2015,BYU,49.175,48.700,48.400,49.150,195.425,A,Denver,196.725,0
14,226,2,27,2015,BYU,48.650,48.400,48.450,49.250,194.750,A,Boise State,196.275,1455
14,227,3,6,2015,BYU,48.825,49.050,47.350,49.175,194.400,H,"Central Michigan, Utah State",196.15,1662
14,228,3,13,2015,BYU,49.175,48.950,49.025,49.225,196.375,A,Utah State,196.35,1499
14,229,3,20,2015,BYU,48.825,48.425,48.250,48.725,194.225,A,"Utah State, Boise State, Denver, Southern Utah",196.625,1468
14,992,4,4,2015,BYU,49.025,48.600,48.150,48.375,194.150,A,"Utah, Georgia, Boise State, California, Utah State",197.025,1784
15,194,1,4,2015,California,48.725,48.875,48.750,48.825,195.175,A,"UC Davis, Sacramento State, San Jose State, Stanford",194.35,2013
15,195,1,9,2015,California,49.200,48.700,48.175,48.800,194.875,A,Sacramento State,194.25,0
15,196,1,16,2015,California,49.050,49.150,47.800,48.875,194.875,A,"San Jose State, Wisconsin-La Crosse",194.75,739
15,197,1,25,2015,California,49.250,49.050,48.300,49.300,195.900,H,"Arizona State, San Jose State, Denver",195.5,742
15,198,2,1,2015,California,49.350,48.800,48.125,49.150,195.425,A,UCLA,196.8,3420
15,199,2,8,2015,California,49.075,48.450,48.725,49.325,195.575,H,Stanford,195.325,885
15,200,2,13,2015,California,49.300,49.175,48.550,49.200,196.225,H,Oregon State,197.25,553
15,201,2,21,2015,California,49.275,49.075,48.875,49.375,196.600,A,Washington,195.325,2101
15,202,2,28,2015,California,48.900,49.075,49.100,49.025,196.100,A,Arizona,196.475,1290
15,203,3,8,2015,California,49.500,49.525,48.750,49.550,197.325,H,UC Davis,195.325,1014
15,978,3,13,2015,California,49.100,49.225,48.725,49.075,196.125,A,"Southern Utah, Boise State",196.325,1437
15,205,3,21,2015,California,49.125,48.950,48.750,49.325,196.150,A,Pac-12 Championships,198.15,23568
16,729,1,10,2015,Centenary College,47.450,45.100,47.150,47.175,186.875,H,Texas Woman's,189.75,300
16,730,1,18,2015,Centenary College,46.850,44.925,46.775,46.700,185.250,A,Illinois State,188.75,0
16,731,2,1,2015,Centenary College,46.900,46.850,47.150,48.125,189.025,A,"Texas Woman's, San Jose State, Towson University",194.375,0
16,732,2,6,2015,Centenary College,47.900,45.800,48.475,48.150,190.325,H,Wisconsin-Eau Claire,190.325,250
16,733,2,8,2015,Centenary College,47.350,46.625,46.050,47.225,187.250,A,Iowa State,195.775,0
16,734,2,13,2015,Centenary College,47.350,46.925,46.900,46.950,188.125,A,"Lindenwood University, Texas Woman's",194.625,0
16,735,2,21,2015,Centenary College,47.900,46.350,46.975,48.375,189.600,A,Texas Woman's,192.825,0
16,736,2,27,2015,Centenary College,46.600,46.275,46.150,46.450,185.475,A,Alaska,190.675,0
16,737,3,1,2015,Centenary College,47.750,47.725,48.275,47.925,191.675,A,Alaska,192.75,0
16,738,3,6,2015,Centenary College,47.375,47.050,46.600,46.575,187.600,A,"S.E. Missouri, New Hampshire",191.05,510
16,739,3,13,2015,Centenary College,48.350,47.050,48.350,48.425,192.175,H,"New Hampshire, L.S.U.",197.275,1147
16,740,3,15,2015,Centenary College,47.875,48.400,48.775,48.725,193.775,H,New Hampshire,196.1,250
16,741,3,21,2015,Centenary College,48.550,45.775,47.500,49.050,190.875,A,"Texas Woman's, Illinois State, Lindenwood University, S.E. Missouri, UIC",195.9,680
17,616,1,3,2015,Central Michigan,47.775,48.450,47.850,48.475,192.550,H,Wisconsin-Eau Claire,183.8,407
17,617,1,11,2015,Central Michigan,48.675,48.575,47.450,48.775,193.475,H,Illinois-Champaign,195.175,448
17,618,1,17,2015,Central Michigan,48.800,49.100,49.050,48.925,195.875,H,Eastern Michigan,194.575,697
17,619,1,23,2015,Central Michigan,48.950,49.150,48.825,49.250,196.175,A,Ball State,193.775,0
17,620,1,31,2015,Central Michigan,49.000,47.875,48.075,49.050,194.000,A,"Illinois State, UIC, Eastern Michigan",194.65,407
17,621,2,6,2015,Central Michigan,49.025,48.325,47.450,49.125,193.925,H,Northern Illinois,194.025,1010
17,622,2,15,2015,Central Michigan,48.900,49.125,49.075,49.300,196.400,A,Kent State,195.325,821
17,623,2,22,2015,Central Michigan,49.150,49.125,48.550,49.300,196.125,H,Bowling Green,192.7,945
17,624,2,27,2015,Central Michigan,48.925,48.825,47.700,48.700,194.150,A,"UC Davis, Sacramento State, Iowa",194.725,501
17,625,3,6,2015,Central Michigan,49.025,48.925,49.100,49.100,196.150,A,BYU,195.1,1662
17,626,3,15,2015,Central Michigan,49.075,49.150,48.700,49.300,196.225,A,Western Michigan,195.725,0
17,627,3,21,2015,Central Michigan,49.150,49.075,48.700,49.350,196.275,A,"Western Michigan, Kent State, Eastern Michigan, Ball State, Bowling Green, Northern Illinois",196.375,1481
18,1,1,10,2015,Cornell,47.900,45.925,46.800,46.100,186.725,A,"Penn State, Rutgers, New Hampshire",194.675,1275
18,2,1,18,2015,Cornell,48.225,45.775,47.500,47.700,189.200,A,"George Washington, North Carolina, Temple",195.025,784
18,3,1,24,2015,Cornell,46.550,47.150,47.975,47.375,189.050,H,Cortland State,187.3,250
18,4,2,1,2015,Cornell,48.325,46.800,47.550,47.950,190.625,A,"Pennsylvania, West Chester, Ursinus College",190.9,400
18,5,2,7,2015,Cornell,47.000,48.075,47.275,48.275,190.625,H,"Brockport State, Ithaca College, Southern Conn.",189.425,300
18,6,2,13,2015,Cornell,48.200,48.225,47.400,48.400,192.225,A,"Rutgers, Maryland, Ursinus College",195.375,0
18,7,2,22,2015,Cornell,47.700,48.175,47.650,47.650,191.175,A,"Pennsylvania, Brown, Yale",193.725,0
18,8,2,28,2015,Cornell,47.475,47.000,47.375,48.600,190.450,H,"Bridgeport, William & Mary",193.75,300
18,9,3,7,2015,Cornell,48.150,47.250,48.175,48.550,192.125,H,Temple,188.875,350
18,10,3,14,2015,Cornell,47.125,47.100,48.350,48.725,191.300,A,"West Virginia, Pennsylvania",196.075,1059
18,11,3,21,2015,Cornell,48.225,45.775,48.700,48.525,191.225,A,"Yale, William & Mary, Temple, Pennsylvania, Brown",194.375,0
19,552,1,13,2015,Cortland State,46.450,45.400,46.225,46.550,184.625,H,Brockport State,185,225
19,553,1,17,2015,Cortland State,46.500,46.200,46.450,46.075,185.225,H,West Chester,188,320
19,554,1,24,2015,Cortland State,46.575,46.075,47.175,47.475,187.300,A,Cornell,189.05,250
19,555,1,31,2015,Cortland State,46.175,46.700,47.425,46.375,186.675,H,Springfield College,185.875,372
19,556,2,8,2015,Cortland State,47.325,47.100,47.125,47.675,189.225,H,Southern Conn.,187.525,522
19,557,2,14,2015,Cortland State,46.725,46.600,47.075,47.125,187.525,A,Air Force Academy,191.5,0
19,558,2,21,2015,Cortland State,46.300,46.175,46.475,47.425,186.375,A,Brockport State,191.05,500
19,559,3,1,2015,Cortland State,46.650,45.650,47.875,47.300,187.475,A,"Brockport State, Ithaca College, Rhode Island College",192.225,500
19,560,3,7,2015,Cortland State,47.900,47.800,47.625,48.325,191.650,H,Ithaca College,190.125,483
19,561,3,14,2015,Cortland State,48.175,47.025,47.975,48.275,191.450,A,"Ursinus College, Springfield College, Rhode Island College, Ithaca College, Brockport State",193.55,0
20,893,1,9,2015,Denver,48.925,48.600,48.200,48.775,194.500,A,North Carolina State,192.025,1492
20,478,1,17,2015,Denver,49.250,48.725,48.575,49.475,196.025,H,Utah State,194.525,1612
20,938,1,19,2015,Denver,49.050,48.625,48.300,48.875,194.850,H,Georgia,194.3,1810
20,939,1,25,2015,Denver,49.200,48.675,48.450,49.175,195.500,A,"California, Arizona State, San Jose State",195.9,742
20,940,1,29,2015,Denver,49.000,49.050,48.600,49.250,195.900,H,Oklahoma,197.65,1493
20,941,2,7,2015,Denver,49.175,48.350,49.300,49.325,196.150,A,"BYU, Boise State",196.625,888
20,942,2,13,2015,Denver,49.050,48.800,48.500,49.075,195.425,A,West Virginia,194.6,1345
20,943,2,21,2015,Denver,49.300,48.950,48.950,49.525,196.725,H,"BYU, Iowa",195.85,2255
20,944,2,27,2015,Denver,49.425,48.750,48.700,49.225,196.100,A,"Southern Utah, Utah State",196.475,0
20,945,3,7,2015,Denver,49.400,49.050,49.325,49.150,196.925,H,"Ohio State, Air Force Academy",194.775,2502
20,946,3,9,2015,Denver,49.225,49.325,48.800,49.100,196.450,A,"Air Force Academy, Alaska",193.825,0
20,947,3,14,2015,Denver,49.350,49.025,49.100,49.375,196.850,A,Arizona,196.85,1159
20,948,3,21,2015,Denver,49.150,48.925,49.200,48.800,196.075,H,"Boise State, BYU, Southern Utah, Utah State",196.625,1468
21,681,1,9,2015,Eastern Michigan,48.550,48.400,48.175,48.800,193.925,H,Temple,187.2,127
21,682,1,17,2015,Eastern Michigan,48.475,48.675,48.575,48.850,194.575,A,Central Michigan,195.875,697
21,683,1,24,2015,Eastern Michigan,48.800,48.800,48.650,49.000,195.250,H,Bowling Green,192.425,294
21,684,1,31,2015,Eastern Michigan,48.775,48.925,48.475,48.475,194.650,A,"Illinois State, Central Michigan, UIC",194,0
21,685,2,7,2015,Eastern Michigan,48.825,48.375,48.550,48.950,194.700,H,Kent State,193.8,267
21,686,2,15,2015,Eastern Michigan,48.775,47.925,48.900,49.075,194.675,H,UIC,192.425,136
21,687,2,20,2015,Eastern Michigan,49.075,48.875,48.800,48.825,195.575,A,Western Michigan,196.175,321
21,688,2,22,2015,Eastern Michigan,48.775,48.850,48.925,48.725,195.275,H,Ball State,193.875,114
21,689,2,28,2015,Eastern Michigan,48.925,48.650,48.425,49.125,195.125,A,"Lindenwood University, Illinois State, UIC",194.125,499
21,690,3,6,2015,Eastern Michigan,48.900,49.025,48.675,48.625,195.225,A,Michigan State,195.45,0
21,691,3,15,2015,Eastern Michigan,48.800,48.975,48.950,48.800,195.525,A,Northern Illinois,195.8,450
21,692,3,21,2015,Eastern Michigan,48.875,48.675,48.625,48.900,195.075,A,"Kent State, Ball State, Bowling Green, Central Michigan, Northern Illinois, Western Michigan",196.375,1481
22,693,1,11,2015,Florida,49.500,49.450,48.825,49.150,196.925,A,Ball State,193.7,1564
22,694,1,16,2015,Florida,49.300,49.525,49.275,49.100,197.200,H,Auburn,195.65,6754
22,695,1,23,2015,Florida,49.500,48.950,49.000,49.350,196.800,A,Alabama,197.4,13778
22,696,1,30,2015,Florida,49.300,49.375,49.375,49.550,197.600,H,Georgia,196.95,7116
22,697,2,6,2015,Florida,49.450,49.200,49.225,49.325,197.200,A,Arkansas,195.375,4654
22,698,2,13,2015,Florida,49.550,49.525,49.575,49.575,198.225,H,Missouri,195.975,4529
22,699,2,20,2015,Florida,49.425,49.450,49.225,49.325,197.425,A,L.S.U.,197.95,12217
22,700,2,27,2015,Florida,49.575,49.450,49.375,49.725,198.125,H,Kentucky,195.95,6617
22,701,3,6,2015,Florida,49.550,49.550,49.525,49.475,198.100,A,Oklahoma,198.5,4138
22,702,3,13,2015,Florida,49.525,49.450,49.450,49.475,197.900,H,Texas Woman's,193.4,4238
22,703,3,21,2015,Florida,49.625,49.575,48.625,49.575,197.400,A,"Alabama, Arkansas, Auburn, Georgia, Kentucky, L.S.U., Missouri",197.525,8758
23,442,1,9,2015,George Washington,48.650,48.275,48.650,48.750,194.325,A,"Maryland, West Virginia",193.5,2091
23,443,1,18,2015,George Washington,49.225,48.850,47.850,49.100,195.025,H,"Cornell, North Carolina, Pittsburgh, Temple",194.55,1253
23,444,1,25,2015,George Washington,49.050,48.550,48.800,48.625,195.025,A,"West Virginia, Iowa State",194.85,1241
23,445,2,1,2015,George Washington,48.950,48.650,48.200,48.975,194.775,H,Bowling Green,193.025,783
23,446,2,6,2015,George Washington,49.000,48.150,48.450,49.025,194.625,A,Sacramento State,193.575,267
23,447,2,8,2015,George Washington,49.275,48.575,49.075,48.800,195.725,A,UC Davis,194.25,398
23,448,2,14,2015,George Washington,49.200,48.650,47.350,48.925,194.125,A,"North Carolina State, William & Mary",195.85,3214
23,449,2,20,2015,George Washington,49.475,47.925,48.300,49.225,194.925,A,"Maryland, Towson University, William & Mary",194.925,1372
23,450,3,1,2015,George Washington,48.775,48.200,47.900,48.850,193.725,A,Kent State,195.7,1357
23,451,3,8,2015,George Washington,49.225,48.775,48.550,49.175,195.725,H,"Western Michigan, Yale",194.825,783
23,452,3,13,2015,George Washington,48.925,48.550,48.600,49.050,195.125,A,Towson University,194.7,0
23,453,3,15,2015,George Washington,49.500,49.125,48.800,49.450,196.875,H,Towson University,196.525,785
23,454,3,21,2015,George Washington,49.400,49.050,48.350,49.050,195.850,H,"New Hampshire, North Carolina, North Carolina State, Pittsburgh, Towson University",195.7,837
24,584,1,10,2015,Georgia,49.000,49.125,48.925,48.550,195.600,H,Michigan,196.6,10224
24,585,1,16,2015,Georgia,49.200,48.975,48.475,49.150,195.800,H,Missouri,195.225,7417
24,586,1,19,2015,Georgia,49.050,49.125,47.400,48.725,194.300,A,Denver,194.85,1810
24,587,1,24,2015,Georgia,49.250,49.350,49.100,49.275,196.975,H,Kentucky,194.225,9957
24,588,1,30,2015,Georgia,49.200,49.250,49.250,49.250,196.950,A,Florida,197.6,7116
24,589,2,6,2015,Georgia,49.425,49.225,49.125,49.075,196.850,A,L.S.U.,198.075,7722
24,590,2,14,2015,Georgia,49.250,49.225,48.625,49.100,196.200,A,North Carolina,195.2,3046
24,591,2,20,2015,Georgia,49.550,49.300,49.300,48.675,196.825,H,Alabama,197.675,9978
24,592,2,27,2015,Georgia,49.100,49.325,49.350,49.000,196.775,A,Auburn,197.75,7424
24,593,3,7,2015,Georgia,49.275,49.275,48.675,49.550,196.775,H,Arkansas,196.65,9956
24,594,3,14,2015,Georgia,49.175,49.575,49.200,49.500,197.450,H,Utah,197.275,8759
24,595,3,21,2015,Georgia,49.125,49.375,48.150,49.350,196.000,A,"Alabama, Arkansas, Auburn, Florida, Kentucky, L.S.U., Missouri",197.525,8758
25,961,1,9,2015,Gustavus Adolphus,45.550,38.700,42.975,45.425,172.650,A,"Wisconsin-Eau Claire, Wisconsin-La Crosse",185,0
25,962,1,16,2015,Gustavus Adolphus,44.900,40.975,43.400,45.275,174.550,H,Hamline,175.475,137
25,963,1,23,2015,Gustavus Adolphus,45.725,42.375,43.800,45.625,177.525,H,Wisconsin-Stout,179.1,116
25,964,1,30,2015,Gustavus Adolphus,44.300,42.225,43.275,45.300,175.100,A,Wisconsin-La Crosse,186.425,0
25,965,2,7,2015,Gustavus Adolphus,45.475,43.675,43.650,46.150,178.950,H,Wisconsin-Whitewater,189.025,0
25,966,2,10,2015,Gustavus Adolphus,45.525,40.175,43.250,43.900,172.850,A,Winona State,183.1,0
25,967,2,13,2015,Gustavus Adolphus,45.025,41.250,43.075,45.525,174.875,H,Wisconsin-La Crosse,185.9,0
25,968,2,20,2015,Gustavus Adolphus,46.275,43.600,43.000,45.425,178.300,A,Wisconsin-Eau Claire,185.925,0
25,969,2,22,2015,Gustavus Adolphus,46.425,41.725,46.425,45.625,180.200,A,"Minnesota, Winona State, Hamline",195.325,1695
25,970,3,6,2015,Gustavus Adolphus,46.050,42.375,45.575,45.300,179.300,A,Wisconsin-Oshkosh,182.15,163
25,971,3,15,2015,Gustavus Adolphus,46.600,43.725,44.600,45.100,180.025,A,"Wisconsin-Oshkosh, Wisconsin-Eau Claire, Winona State, Wisconsin-La Crosse, Hamline, Wisconsin-Stout, Wisconsin-Whitewater",191.75,1000
26,928,1,10,2015,Hamline,45.150,45.175,43.000,46.000,179.325,H,Wisconsin-Oshkosh,181.275,200
26,929,1,16,2015,Hamline,44.500,44.000,42.750,44.225,175.475,A,Gustavus Adolphus,174.55,150
26,930,1,24,2015,Hamline,47.100,46.375,46.450,45.750,185.675,A,Wisconsin-Whitewater,191.6,300
26,931,1,30,2015,Hamline,47.725,46.050,44.200,46.050,184.025,A,"Oregon State, Washington, Sacramento State",196.3,3549
26,932,2,6,2015,Hamline,44.375,42.925,44.550,46.650,178.500,A,"Wisconsin-Stout, Wisconsin-La Crosse",186.4,300
26,933,2,14,2015,Hamline,45.900,44.425,44.250,46.050,180.625,H,Wisconsin-Eau Claire,181.45,300
26,934,2,17,2015,Hamline,46.775,45.550,46.350,46.325,185.000,H,Winona State,185.95,250
26,935,2,22,2015,Hamline,46.200,46.425,45.475,46.300,184.400,A,"Minnesota, Gustavus Adolphus, Winona State",195.325,1695
26,936,2,27,2015,Hamline,45.925,45.350,46.200,45.150,182.625,A,"Wisconsin-La Crosse, Wisconsin-Eau Claire",186.925,415
26,937,3,15,2015,Hamline,46.750,46.575,46.075,47.700,187.100,A,"Gustavus Adolphus, Winona State, Wisconsin-Eau Claire, Wisconsin-La Crosse, Wisconsin-Oshkosh, Wisconsin-Stout, Wisconsin-Whitewater",191.75,1000
27,906,1,11,2015,Illinois State,47.000,45.150,46.625,47.875,186.650,A,S.E. Missouri,193.275,368
27,907,1,18,2015,Illinois State,48.200,48.575,45.125,46.850,188.750,H,Centenary College,185.25,376
27,908,1,25,2015,Illinois State,48.075,46.600,47.225,46.700,188.600,A,UIC,191.375,441
27,909,1,31,2015,Illinois State,48.075,47.925,46.025,47.625,189.650,H,"UIC, Eastern Michigan, Central Michigan",194.65,407
27,910,2,6,2015,Illinois State,48.050,48.475,48.175,46.875,191.575,H,S.E. Missouri,192.625,177
27,911,2,13,2015,Illinois State,48.175,47.625,48.700,47.525,192.025,A,"Arkansas, S.E. Missouri",196.65,0
27,912,2,20,2015,Illinois State,47.875,48.850,48.950,48.550,194.225,H,Air Force Academy,191.85,294
27,913,2,22,2015,Illinois State,48.125,48.650,49.000,48.300,194.075,A,Lindenwood University,194.575,566
27,914,2,28,2015,Illinois State,48.225,48.375,49.000,48.525,194.125,A,"Lindenwood University, UIC, Eastern Michigan",195.125,499
27,915,3,2,2015,Illinois State,48.150,48.700,48.575,48.500,193.975,H,Ball State,194.475,225
27,916,3,7,2015,Illinois State,47.825,48.125,48.925,48.650,193.525,A,"Northern Illinois, Illinois-Champaign, UIC",196.275,0
27,985,3,21,2015,Illinois State,48.950,47.625,48.900,49.075,194.550,A,"Centenary College, Lindenwood University, S.E. Missouri, Texas Woman's, UIC",195.8,0
28,310,1,11,2015,Illinois-Champaign,48.675,49.000,48.775,48.725,195.175,A,Central Michigan,193.475,448
28,311,1,17,2015,Illinois-Champaign,49.000,49.250,48.875,49.050,196.175,H,Rutgers,192.775,824
28,312,1,25,2015,Illinois-Champaign,48.775,49.000,48.950,48.750,195.475,A,Michigan,196.85,2008
28,313,1,31,2015,Illinois-Champaign,49.025,49.150,49.125,49.100,196.400,H,Penn State,195.6,1163
28,314,2,7,2015,Illinois-Champaign,48.950,49.375,48.650,48.800,195.775,H,Minnesota,195.375,1726
28,315,2,14,2015,Illinois-Champaign,49.175,49.325,49.300,49.175,196.975,A,Iowa,196.375,1711
28,316,2,20,2015,Illinois-Champaign,49.050,49.100,49.250,49.100,196.500,H,Michigan State,196.325,522
28,317,2,27,2015,Illinois-Champaign,48.725,49.050,49.125,49.050,195.950,H,Oklahoma,197.875,1048
28,318,3,1,2015,Illinois-Champaign,48.925,49.250,49.175,49.075,196.425,A,Nebraska,197.1,1528
28,319,3,7,2015,Illinois-Champaign,49.075,49.200,49.175,48.825,196.275,A,Northern Illinois,194.35,0
28,320,3,14,2015,Illinois-Champaign,49.000,49.325,49.100,48.625,196.050,A,Nebraska,196,1542
28,545,3,21,2015,Illinois-Champaign,49.400,49.425,49.275,49.250,197.350,A,"Michigan, Iowa, Michigan State, Minnesota, Nebraska, Penn State, Rutgers, Maryland, Ohio State",197.825,5261
29,116,1,9,2015,Iowa,48.300,48.275,47.750,48.975,193.300,A,L.S.U.,197.125,5655
29,117,1,18,2015,Iowa,48.450,49.100,47.500,49.375,194.425,H,"Michigan State, Ball State",195.625,1201
29,118,1,24,2015,Iowa,49.000,49.275,48.125,48.825,195.225,A,Ohio State,196.2,1942
29,119,1,30,2015,Iowa,48.775,48.950,49.025,48.975,195.725,H,Maryland,195.725,1030
29,120,2,7,2015,Iowa,48.275,48.925,49.100,48.875,195.175,A,Nebraska,197.325,2057
29,121,2,14,2015,Iowa,49.200,49.175,49.025,48.975,196.375,H,Illinois-Champaign,196.975,1711
29,122,2,21,2015,Iowa,49.025,48.925,48.900,49.000,195.850,A,Denver,196.725,0
29,123,2,28,2015,Iowa,48.300,48.775,48.725,49.200,195.000,A,Minnesota,195,1130
29,124,3,6,2015,Iowa,48.850,49.125,48.800,49.000,195.775,H,Iowa State,195.775,1923
29,125,3,14,2015,Iowa,49.275,49.325,49.075,48.750,196.425,A,"Michigan, Minnesota, Penn State, Rutgers",197,1357
29,126,3,21,2015,Iowa,49.150,49.200,49.025,49.125,196.500,A,"Illinois-Champaign, Maryland, Michigan State, Nebraska, Ohio State, Michigan, Minnesota, Penn State, Rutgers",197.825,0
30,365,1,10,2015,Iowa State,48.300,48.475,48.350,48.350,193.475,A,Minnesota,194.95,3902
30,366,1,18,2015,Iowa State,48.925,48.750,49.425,48.850,195.950,H,"Oregon State, S.E. Missouri",195.975,5603
30,367,1,25,2015,Iowa State,48.600,48.800,48.500,48.950,194.850,A,"West Virginia, George Washington",195.025,1241
30,368,1,31,2015,Iowa State,48.500,48.900,47.475,48.525,193.400,A,"Oklahoma, L.S.U., Arkansas",197.7,0
30,369,2,6,2015,Iowa State,48.950,48.725,49.075,48.925,195.675,H,Oklahoma,198.15,2093
30,370,2,8,2015,Iowa State,49.025,49.150,48.700,48.900,195.775,H,Centenary College,187.25,1519
30,371,2,13,2015,Iowa State,48.700,48.275,48.975,49.000,194.950,A,"Yale, Northern Illinois",194.475,0
30,372,2,20,2015,Iowa State,48.900,48.425,47.925,48.875,194.125,H,Minnesota,196.35,1727
30,373,2,28,2015,Iowa State,49.275,48.425,48.825,48.850,195.375,A,Penn State,196.65,1761
30,374,3,6,2015,Iowa State,48.775,48.925,48.350,49.125,195.175,A,Iowa,195.775,1923
30,375,3,13,2015,Iowa State,48.800,48.975,48.375,49.150,195.300,H,Temple,189.75,1156
30,376,3,21,2015,Iowa State,48.650,48.900,48.175,49.050,194.775,A,"West Virginia, Oklahoma",197.875,0
30,990,4,4,2015,Iowa State,49.025,48.825,48.350,49.150,195.350,H,"L.S.U., Nebraska, Denver, Washington, Michigan State",197.175,1220
31,321,1,18,2015,Ithaca College,45.650,45.100,46.400,45.775,182.925,A,Ursinus College,186.4,245
31,322,1,25,2015,Ithaca College,46.000,45.450,46.150,46.075,183.675,A,Springfield College,184.65,215
31,323,2,1,2015,Ithaca College,46.650,46.050,45.675,46.575,184.950,H,Brockport State,187.325,0
31,324,2,7,2015,Ithaca College,45.925,46.125,46.275,45.150,183.475,A,Cornell,190.625,300
31,325,2,15,2015,Ithaca College,45.825,45.725,45.050,44.450,181.050,H,"Brockport State, Rhode Island College, Springfield College",187.15,0
31,326,2,21,2015,Ithaca College,46.950,46.825,47.125,46.600,187.500,A,Rhode Island College,179.95,200
31,327,3,1,2015,Ithaca College,46.450,46.325,47.500,46.775,187.050,A,"Brockport State, Rhode Island College",192.225,500
31,328,3,7,2015,Ithaca College,47.700,46.875,47.725,47.825,190.125,A,Cortland State,191.65,483
31,329,3,14,2015,Ithaca College,47.600,46.325,48.100,46.050,188.075,A,"Ursinus College, Brockport State, Cortland State, Rhode Island College, Springfield College",193.55,0
31,330,3,27,2015,Ithaca College,-,-,-,-,-,A,Wisconsin-La Crosse,"",""
32,206,1,9,2015,Kent State,48.425,47.575,48.025,48.375,192.400,A,"Missouri, Towson University",193.9,914
32,207,1,16,2015,Kent State,48.300,48.175,48.450,48.100,193.025,A,Northern Illinois,193.375,0
32,208,1,23,2015,Kent State,48.700,48.625,48.600,48.975,194.900,H,Western Michigan,193.325,1753
32,209,1,30,2015,Kent State,48.725,49.150,48.950,48.925,195.750,H,Pittsburgh,191.175,3853
32,210,2,7,2015,Kent State,48.725,48.800,47.975,48.300,193.800,A,Eastern Michigan,194.7,267
32,211,2,15,2015,Kent State,48.425,48.850,48.700,49.350,195.325,H,Central Michigan,196.4,821
32,212,2,20,2015,Kent State,48.975,48.125,48.600,49.025,194.725,A,"North Carolina State, North Carolina, Rutgers",194.95,2520
32,213,3,1,2015,Kent State,49.025,48.675,48.775,49.225,195.700,H,George Washington,193.725,1357
32,214,3,8,2015,Kent State,48.950,49.225,49.075,49.550,196.800,H,Ball State,195.5,953
32,215,3,14,2015,Kent State,49.050,48.925,48.300,48.775,195.050,A,Bowling Green,195.7,0
32,216,3,21,2015,Kent State,48.975,49.150,48.925,49.325,196.375,H,"Ball State, Bowling Green, Central Michigan, Eastern Michigan, Northern Illinois, Western Michigan",196.275,1481
33,562,1,12,2015,Kentucky,48.900,48.500,48.750,48.825,194.975,A,Washington,194.325,801
33,563,1,16,2015,Kentucky,48.950,49.150,48.825,48.675,195.600,H,"L.S.U., Arizona State",196.6,5105
33,564,1,24,2015,Kentucky,48.775,48.900,47.725,48.825,194.225,A,Georgia,196.975,9.957
33,565,1,30,2015,Kentucky,48.600,49.000,48.925,49.100,195.625,H,Alabama,196.7,2759
33,566,2,6,2015,Kentucky,48.700,48.975,49.000,49.150,195.825,A,Missouri,195.15,1215
33,567,2,13,2015,Kentucky,48.575,48.800,48.450,48.600,194.425,A,Oklahoma,197.275,0
33,568,2,20,2015,Kentucky,49.175,48.775,48.950,48.850,195.750,H,Arkansas,194.825,1934
33,569,2,27,2015,Kentucky,49.050,48.775,48.975,49.150,195.950,A,Florida,198.125,6617
33,570,3,6,2015,Kentucky,49.125,49.025,49.250,49.175,196.575,H,Auburn,196.325,1167
33,571,3,13,2015,Kentucky,48.675,49.000,49.375,49.125,196.175,H,"Ball State, Pittsburgh",194.45,1804
33,572,3,21,2015,Kentucky,48.875,48.575,48.275,49.300,195.025,A,"Alabama, Arkansas, Auburn, Florida, Georgia, L.S.U., Missouri",197.525,8758
34,836,1,9,2015,Lindenwood University,47.375,48.150,47.250,47.775,190.550,A,Nebraska,195.3,3506
34,837,1,16,2015,Lindenwood University,48.400,48.500,47.450,48.000,192.350,A,Western Michigan,192.45,731
34,838,1,23,2015,Lindenwood University,48.600,48.050,46.950,47.675,191.275,A,Northern Illinois,191.95,0
34,839,1,30,2015,Lindenwood University,48.600,48.750,48.525,48.825,194.700,A,"S.E. Missouri, Missouri",195.85,704
34,840,2,8,2015,Lindenwood University,48.700,48.600,47.550,48.825,193.675,A,Missouri,194.55,822
34,841,2,13,2015,Lindenwood University,48.475,48.800,48.575,48.775,194.625,H,"Texas Woman's, Centenary College",190.5,0
34,842,2,22,2015,Lindenwood University,48.450,48.500,48.625,49.000,194.575,H,Illinois State,194.075,566
34,843,2,28,2015,Lindenwood University,48.550,48.650,48.550,48.250,194.000,H,"Eastern Michigan, UIC, Illinois State",195.125,499
34,844,3,8,2015,Lindenwood University,48.275,48.525,47.675,48.300,192.775,A,"Brown, Towson University",193.4,225
34,845,3,14,2015,Lindenwood University,48.975,48.550,47.850,48.750,194.125,A,"Oregon State, San Jose State, Seattle Pacific",197.075,0
34,846,3,21,2015,Lindenwood University,49.500,49.000,48.025,49.275,195.800,A,"Texas Woman's, Illinois State, Centenary College, UIC, S.E. Missouri",195.8,680
35,183,1,9,2015,L.S.U.,49.225,49.600,49.325,48.975,197.125,H,Iowa,193.3,5655
35,184,1,16,2015,L.S.U.,49.250,49.075,48.975,49.300,196.600,A,"Kentucky, Arizona State",195.6,5105
35,185,1,23,2015,L.S.U.,49.200,49.325,49.325,49.500,197.350,H,Missouri,192.725,7267
35,186,1,31,2015,L.S.U.,49.500,49.400,49.125,49.400,197.425,A,"Arkansas, Iowa State, Oklahoma",197.7,2375
35,187,2,6,2015,L.S.U.,49.450,49.375,49.625,49.625,198.075,H,Georgia,196.85,7722
35,188,2,13,2015,L.S.U.,49.575,49.250,49.275,49.250,197.350,A,Auburn,197.3,6688
35,189,2,20,2015,L.S.U.,49.425,49.500,49.450,49.575,197.950,H,Florida,197.425,12217
35,190,2,27,2015,L.S.U.,49.375,49.300,49.200,49.475,197.350,A,Alabama,197.225,11749
35,191,3,6,2015,L.S.U.,49.825,49.375,49.475,49.700,198.375,H,Minnesota,195.45,13179
35,192,3,13,2015,L.S.U.,49.625,48.700,49.375,49.575,197.275,A,Centenary College,193.975,1147
35,193,3,21,2015,L.S.U.,49.550,49.375,48.975,49.550,197.450,A,"Alabama, Arkansas, Auburn, Florida, Georgia, Kentucky, Missouri",197.525,8758
36,466,1,9,2015,Maryland,48.975,47.150,47.800,49.100,193.025,H,"West Virginia, George Washington",194.325,2091
36,467,1,15,2015,Maryland,48.950,48.850,47.525,49.000,194.325,H,Minnesota,193.35,517
36,468,1,24,2015,Maryland,49.000,48.850,47.900,48.700,194.450,A,Penn State,196.55,2385
36,469,1,30,2015,Maryland,49.150,48.800,48.800,48.525,195.275,A,Iowa,195.725,1030
36,470,2,7,2015,Maryland,48.850,48.850,48.050,48.825,194.575,H,Michigan,197.125,2207
36,471,2,14,2015,Maryland,48.950,48.850,48.575,49.000,195.375,A,"Rutgers, Cornell, Ursinus College",194.45,972
36,472,2,20,2015,Maryland,49.075,48.850,48.975,48.025,194.925,H,"George Washington, Towson University, William & Mary",194.925,1372
36,473,2,22,2015,Maryland,48.875,48.950,48.750,48.775,195.350,A,"West Virginia, New Hampshire, Rutgers",195.2,1088
36,474,3,1,2015,Maryland,49.150,48.950,48.675,48.750,195.525,A,"Texas Woman's, Utah State, Brown",194.275,404
36,475,3,8,2015,Maryland,49.000,49.250,48.625,49.125,196.000,H,"Bridgeport, William & Mary, Southern Conn.",194.075,1734
36,476,3,14,2015,Maryland,48.950,48.675,48.750,48.500,194.875,A,"Nebraska, Illinois-Champaign, Ohio State, Michigan State",196.05,1542
36,477,3,21,2015,Maryland,49.100,49.000,49.025,48.950,196.075,A,"Michigan, Nebraska, Minnesota, Illinois-Champaign, Penn State, Ohio State, Michigan State, Rutgers",196.5,0
37,172,1,10,2015,Michigan,49.325,49.025,49.100,49.150,196.600,A,Georgia,195.6,10224
37,173,1,17,2015,Michigan,49.175,49.325,49.225,49.250,196.975,A,"Ohio State, West Virginia",195.025,0
37,174,1,25,2015,Michigan,49.125,49.100,49.250,49.375,196.850,H,Illinois-Champaign,195.475,2008
37,175,1,31,2015,Michigan,49.300,49.200,49.275,49.525,197.300,H,Nebraska,195.875,3169
37,176,2,7,2015,Michigan,49.200,49.475,49.275,49.175,197.125,A,Maryland,194.575,2207
37,177,2,13,2015,Michigan,49.075,49.200,49.300,49.150,196.725,A,Michigan State,194.85,1440
37,178,2,20,2015,Michigan,49.150,49.375,49.300,49.425,197.250,H,Oklahoma,197.375,2206
37,179,2,28,2015,Michigan,49.325,49.075,49.300,49.550,197.250,H,North Carolina State,194.8,2516
37,180,3,6,2015,Michigan,49.300,49.475,49.475,49.425,197.675,A,Utah,198.25,16019
37,181,3,14,2015,Michigan,49.525,49.125,49.200,49.150,197.000,A,"Minnesota, Iowa, Rutgers, Penn State",196.65,1357
37,182,3,21,2015,Michigan,49.400,49.525,49.450,49.450,197.825,H,"Illinois-Champaign, Iowa, Maryland, Michigan State, Minnesota, Nebraska, Ohio State, Penn State, Rutgers",197.35,5261
38,777,1,10,2015,Michigan State,48.625,48.400,48.675,48.375,194.075,A,Bowling Green,194.775,400
38,778,1,18,2015,Michigan State,48.775,48.700,48.850,49.300,195.625,A,"Iowa, Ball State",194.425,0
38,779,1,24,2015,Michigan State,49.100,48.800,48.850,49.000,195.750,H,Minnesota,196.875,1178
38,780,1,31,2015,Michigan State,48.600,48.650,48.650,49.050,194.950,A,Rutgers,194.35,959
38,781,2,7,2015,Michigan State,48.800,47.975,47.950,48.700,193.425,A,Penn State,197.025,1340
38,782,2,13,2015,Michigan State,48.675,48.975,48.300,48.900,194.850,H,Michigan,196.725,1440
38,783,2,15,2015,Michigan State,48.950,49.075,47.850,49.275,195.150,H,Pittsburgh,194.275,1107
38,784,2,20,2015,Michigan State,49.025,49.025,48.875,49.400,196.325,A,Illinois-Champaign,196.5,522
38,785,2,22,2015,Michigan State,48.725,48.775,48.700,48.650,194.850,A,UIC,191.15,0
38,786,2,27,2015,Michigan State,48.725,49.200,49.125,49.225,196.275,A,"Towson University, Rutgers, Yale",194.85,679
38,787,3,6,2015,Michigan State,48.800,49.025,47.325,49.200,194.350,H,"Eastern Michigan, Arizona, Bowling Green",195.45,1405
38,788,3,14,2015,Michigan State,48.875,48.700,49.000,48.675,195.250,A,"Illinois-Champaign, Maryland, Nebraska, Ohio State",196.05,1542
38,987,3,21,2015,Michigan State,48.775,48.800,48.900,49.175,195.650,A,"Michigan, Iowa, Ohio State, Maryland, Rutgers, Nebraska, Illinois-Champaign, Penn State, Minnesota",197.825,0
39,378,1,10,2015,Minnesota,48.725,48.950,48.500,48.775,194.950,H,Iowa State,193.475,3902
39,379,1,15,2015,Minnesota,48.875,47.750,48.050,48.675,193.350,A,Maryland,194.325,516
39,380,1,17,2015,Minnesota,48.950,48.875,48.725,47.925,194.475,H,Oklahoma,196.5,4010
39,381,1,24,2015,Minnesota,49.225,49.125,49.400,49.125,196.875,A,Michigan State,195.75,1178
39,382,1,31,2015,Minnesota,49.000,48.925,49.125,49.275,196.325,H,Ohio State,194.55,1713
39,383,2,7,2015,Minnesota,49.025,48.550,48.900,48.900,195.375,A,Illinois-Champaign,195.775,1726
39,384,2,14,2015,Minnesota,49.150,49.000,49.125,49.400,196.675,H,Nebraska,197.075,1257
39,385,2,20,2015,Minnesota,49.300,49.000,48.950,49.100,196.350,A,Iowa State,194.125,1727
39,386,2,22,2015,Minnesota,49.225,49.075,47.750,49.275,195.325,H,"Gustavus Adolphus, Hamline, Winona State",186.05,1695
39,387,2,28,2015,Minnesota,49.075,47.900,48.425,49.325,194.725,H,New Hampshire,195,1130
39,388,3,6,2015,Minnesota,48.950,48.700,48.750,49.050,195.450,A,L.S.U.,198.375,13179
39,389,3,14,2015,Minnesota,49.450,49.450,48.575,48.975,196.450,H,"Iowa, Michigan, Penn State, Rutgers",197,1357
39,390,3,21,2015,Minnesota,49.375,48.575,49.125,49.175,196.450,A,"Illinois-Champaign, Iowa, Maryland, Michigan, Michigan State, Nebraska, Ohio State, Penn State, Rutgers",197.825,0
40,704,1,9,2015,Missouri,48.875,48.875,47.600,48.550,193.900,H,"Kent State, Towson University",193.325,914
40,705,1,16,2015,Missouri,48.950,48.650,48.925,48.700,195.225,A,Georgia,195.8,7417
40,706,1,23,2015,Missouri,48.525,47.700,48.625,47.825,192.725,A,L.S.U.,197.35,7267
40,707,1,30,2015,Missouri,49.250,49.150,48.325,49.125,195.850,A,"S.E. Missouri, Lindenwood University",194.7,704
40,708,2,6,2015,Missouri,49.000,48.850,48.400,48.900,195.150,H,Kentucky,195.85,1215
40,709,2,8,2015,Missouri,49.175,48.575,47.650,49.150,194.550,H,Lindenwood University,193.675,822
40,710,2,13,2015,Missouri,48.900,48.925,49.150,49.000,195.975,A,Florida,198.225,4529
40,711,2,20,2015,Missouri,49.125,48.950,48.800,48.975,195.800,H,Auburn,196.875,342
40,712,2,27,2015,Missouri,48.825,48.925,48.925,48.600,195.275,A,Arkansas,195.825,1724
40,713,3,6,2015,Missouri,48.950,48.625,48.425,49.275,195.275,H,Alabama,197.35,2822
40,714,3,13,2015,Missouri,48.800,49.075,49.025,49.250,196.150,H,North Carolina State,196,1165
40,982,3,21,2015,Missouri,48.850,49.000,48.775,49.075,195.700,A,"Alabama, Arkansas, Florida, Georgia, Kentucky, Auburn, L.S.U.",197.525,8758
40,997,4,4,2015,Missouri,49.000,48.950,49.075,49.075,196.100,A,"Oklahoma, Oregon State, Southern Utah, North Carolina State, Penn State",197.625,2350
41,501,1,9,2015,Nebraska,49.150,48.725,48.800,48.625,195.300,H,Lindenwood University,190.55,3506
41,502,1,17,2015,Nebraska,49.750,48.875,49.250,49.250,197.125,H,Penn State,196.025,1212
41,503,1,24,2015,Nebraska,49.600,49.200,48.250,49.200,196.250,A,"Rutgers, Brockport State, Southern Conn.",195.375,922
41,504,1,31,2015,Nebraska,49.325,48.900,48.575,49.075,195.875,A,Michigan,197.3,0
41,505,2,7,2015,Nebraska,49.475,49.075,49.325,49.450,197.325,H,Iowa,195.175,2057
41,506,2,14,2015,Nebraska,49.425,49.125,49.300,49.225,197.075,A,Minnesota,196.675,1257
41,507,2,21,2015,Nebraska,49.225,49.025,48.925,49.475,196.650,A,"UCLA, Arizona, Sacramento State",197.05,0
41,508,3,1,2015,Nebraska,49.350,49.425,48.975,49.350,197.100,H,"Illinois-Champaign, San Jose State",196.425,1528
41,509,3,7,2015,Nebraska,49.425,49.275,49.275,49.225,197.225,H,Oregon State,196.7,2336
41,510,3,14,2015,Nebraska,49.350,48.275,49.425,48.950,196.000,H,"Illinois-Champaign, Michigan State, Ohio State, Maryland",196.05,1542
41,511,3,21,2015,Nebraska,49.325,49.475,48.725,49.350,196.875,A,"Michigan, Minnesota, Illinois-Champaign, Penn State, Ohio State, Iowa, Michigan State, Maryland, Rutgers",197.825,5261
42,94,1,10,2015,New Hampshire,48.700,48.025,48.700,48.025,193.450,A,"Penn State, Rutgers, Cornell",194.675,1275
42,95,1,18,2015,New Hampshire,49.075,48.975,48.900,48.950,195.900,H,Yale,191.175,1046
42,96,1,24,2015,New Hampshire,48.650,48.950,49.050,48.800,195.450,H,Pittsburgh,192.175,175
42,97,1,31,2015,New Hampshire,48.650,48.225,48.550,48.725,194.150,H,Temple,189.225,1061
42,98,2,8,2015,New Hampshire,49.050,48.750,49.250,49.475,196.525,H,"Brown, Towson University, West Virginia",195.3,1281
42,99,2,16,2015,New Hampshire,48.750,49.225,49.125,48.975,196.075,A,"Brown, Bridgeport, Southern Conn.",194.45,400
42,100,2,22,2015,New Hampshire,48.600,48.025,48.700,48.775,194.100,A,"West Virginia, Maryland",195.35,1088
42,101,2,28,2015,New Hampshire,48.625,48.725,48.775,48.575,194.700,A,Minnesota,195,1130
42,102,3,7,2015,New Hampshire,48.750,49.000,48.875,48.850,195.475,H,Pennsylvania,192.775,1196
42,151,3,13,2015,New Hampshire,48.725,48.875,48.425,47.950,193.975,A,"Centenary College, L.S.U.",197.275,1147
42,103,3,15,2015,New Hampshire,49.000,48.775,49.200,49.175,196.150,A,Centenary College,193.775,300
42,241,3,21,2015,New Hampshire,48.825,48.725,49.050,49.100,195.700,A,"George Washington, North Carolina, North Carolina State, Pittsburgh, Towson University",195.85,831
43,659,1,9,2015,North Carolina,48.450,48.750,47.925,48.625,193.750,H,Auburn,194.15,2508
43,660,1,18,2015,North Carolina,48.625,48.700,48.675,48.550,194.550,A,"George Washington, Pittsburgh, Cornell, Temple",195.025,784
43,661,1,25,2015,North Carolina,48.550,49.175,49.000,48.625,195.350,A,"Towson University, William & Mary, West Chester",194.525,869
43,662,1,31,2015,North Carolina,48.800,48.425,48.575,48.700,194.500,A,"North Carolina State, West Virginia, William & Mary",195.35,3700
43,663,2,7,2015,North Carolina,48.800,49.050,47.950,48.625,194.425,H,William & Mary,192.8,2352
43,664,2,14,2015,North Carolina,48.600,48.825,48.625,49.150,195.200,H,Georgia,196.2,3046
43,665,2,20,2015,North Carolina,48.900,48.950,48.200,48.900,194.950,A,"North Carolina State, Rutgers, Kent State",194.725,2520
43,666,2,28,2015,North Carolina,48.350,47.400,48.850,48.900,193.500,A,"Pittsburgh, West Virginia, Temple",194.975,979
43,667,3,7,2015,North Carolina,48.150,49.100,48.725,48.725,194.700,H,Pittsburgh,194.45,1852
43,668,3,13,2015,North Carolina,48.650,48.225,48.825,48.325,194.025,A,Auburn,197.1,4718
43,669,3,21,2015,North Carolina,48.550,48.725,48.775,48.775,194.825,A,"George Washington, New Hampshire, North Carolina State, Pittsburgh, Towson University",195.85,839
44,243,1,9,2015,North Carolina State,48.875,47.600,47.950,47.600,192.025,H,Denver,194.5,1492
44,244,1,16,2015,North Carolina State,48.775,48.275,48.600,48.500,194.150,H,Washington,195.55,1348
44,245,1,25,2015,North Carolina State,49.150,49.025,49.200,48.800,196.175,A,Texas Woman's,193.275,629
44,246,1,31,2015,North Carolina State,48.800,48.625,48.600,48.025,194.050,H,"West Virginia, William & Mary, North Carolina",195.35,3700
44,247,2,6,2015,North Carolina State,48.675,48.900,48.500,49.000,195.075,A,Pittsburgh,194.15,961
44,248,2,14,2015,North Carolina State,49.175,49.100,48.350,49.225,195.850,H,"William & Mary, George Washington",195.85,3214
44,249,2,20,2015,North Carolina State,49.050,48.975,47.850,48.750,194.625,H,"Kent State, North Carolina, Rutgers",194.95,2520
44,250,2,28,2015,North Carolina State,49.075,48.575,48.275,48.875,194.800,A,Michigan,197.25,2516
44,251,3,6,2015,North Carolina State,48.925,48.575,48.100,48.650,194.250,A,Washington,195.775,1436
44,252,3,13,2015,North Carolina State,49.000,48.900,49.075,49.025,196.000,A,Missouri,196.15,1165
44,253,3,21,2015,North Carolina State,48.950,48.600,48.825,48.825,195.200,A,"George Washington, New Hampshire, North Carolina, Pittsburgh, Towson University",195.85,0
45,894,1,9,2015,Northern Illinois,48.100,47.125,48.750,48.275,192.250,A,UIC,189.575,500
45,895,1,16,2015,Northern Illinois,48.650,47.825,47.975,48.925,193.375,H,Kent State,193.025,640
45,896,1,23,2015,Northern Illinois,48.400,47.875,47.800,47.875,191.950,H,Lindenwood University,191.275,750
45,897,2,1,2015,Northern Illinois,48.300,48.775,47.450,48.000,192.525,A,Western Michigan,193.825,0
45,898,2,6,2015,Northern Illinois,48.300,48.600,48.300,48.825,194.025,A,Central Michigan,193.925,1010
45,899,2,13,2015,Northern Illinois,48.650,48.950,48.025,48.850,194.475,A,"Iowa State, Yale",194.95,600
45,900,2,15,2015,Northern Illinois,48.950,48.875,48.750,49.075,195.650,H,"Bowling Green, Air Force Academy",195.2,623
45,901,2,20,2015,Northern Illinois,48.850,48.800,48.925,48.825,195.400,A,S.E. Missouri,193.3,244
45,902,2,27,2015,Northern Illinois,48.775,48.500,47.725,48.225,193.225,A,Ball State,194.2,500
45,903,3,7,2015,Northern Illinois,48.975,48.850,47.925,48.600,194.350,H,"Illinois State, Illinois-Champaign, UIC",196.275,650
45,904,3,15,2015,Northern Illinois,48.900,48.800,48.875,49.225,195.800,H,Eastern Michigan,195.525,450
45,905,3,21,2015,Northern Illinois,48.950,48.350,47.250,48.650,193.200,A,"Bowling Green, Central Michigan, Kent State, Eastern Michigan, Ball State, Western Michigan",196.375,750
46,455,1,9,2015,Ohio State,49.025,48.275,48.650,48.725,194.675,A,Pittsburgh,190.825,1093
46,456,1,17,2015,Ohio State,48.900,48.850,48.700,48.575,195.025,H,"Michigan, West Virginia",196.976,1692
46,457,1,24,2015,Ohio State,49.100,48.900,49.050,49.150,196.200,H,Iowa,195.225,1942
46,458,1,31,2015,Ohio State,48.700,48.200,48.650,49.000,194.550,A,Minnesota,196.325,1713
46,459,2,6,2015,Ohio State,48.925,48.625,48.900,49.200,195.650,A,Bowling Green,195.2,0
46,460,2,8,2015,Ohio State,48.875,48.850,48.025,49.125,194.875,H,Rutgers,193.8,1335
46,461,2,14,2015,Ohio State,48.775,48.700,48.750,48.975,195.200,A,Penn State,196.275,1566
46,462,2,20,2015,Ohio State,48.925,48.625,48.300,49.075,194.925,H,Boise State,196.026,479
46,463,2,28,2015,Ohio State,49.000,48.675,48.825,49.150,195.650,H,S.E. Missouri,192.475,1619
46,464,3,7,2015,Ohio State,49.025,48.700,48.200,48.850,194.775,A,"Denver, Air Force Academy",196.925,2502
46,465,3,14,2015,Ohio State,49.100,48.650,49.050,48.450,195.250,A,"Nebraska, Illinois-Champaign, Michigan State, Maryland",196.05,1542
46,986,3,21,2015,Ohio State,49.200,48.875,48.200,48.975,195.250,A,"Michigan, Illinois-Champaign, Minnesota, Nebraska, Penn State, Iowa, Maryland, Michigan State, Rutgers",197.825,5261
47,404,1,9,2015,Oklahoma,49.450,49.350,49.400,49.425,197.625,H,Arkansas,194.9,2695
47,405,1,17,2015,Oklahoma,49.325,49.350,48.600,49.225,196.500,A,Minnesota,194.475,4010
47,406,1,23,2015,Oklahoma,49.575,49.625,49.375,49.275,197.850,H,"Texas Woman's, S.E. Missouri",192.85,3293
47,407,1,29,2015,Oklahoma,49.425,49.375,49.400,49.450,197.650,A,Denver,195.9,1493
47,408,1,31,2015,Oklahoma,49.450,49.400,49.350,49.500,197.700,A,"Arkansas, Iowa State, L.S.U.",197.425,2375
47,409,2,6,2015,Oklahoma,49.575,49.525,49.550,49.500,198.150,A,Iowa State,195.675,2093
47,410,2,13,2015,Oklahoma,49.475,49.275,49.075,49.450,197.275,A,Kentucky,194.425,2450
47,411,2,20,2015,Oklahoma,49.350,49.550,49.150,49.325,197.375,A,Michigan,197.25,2206
47,412,2,27,2015,Oklahoma,49.450,49.400,49.575,49.450,197.875,A,Illinois-Champaign,195.95,1048
47,413,3,6,2015,Oklahoma,49.525,49.500,49.750,49.725,198.500,H,Florida,198.1,4138
47,414,3,13,2015,Oklahoma,49.450,49.375,49.475,49.425,197.725,A,Alabama,197.5,10722
47,415,3,21,2015,Oklahoma,49.425,49.175,49.650,49.625,197.875,H,"Iowa State, West Virginia",195.025,1766
48,422,1,12,2015,Oregon State,48.925,48.800,48.950,48.775,195.450,H,UCLA,196,2128
48,423,1,18,2015,Oregon State,48.975,48.825,49.275,48.900,195.975,A,"Iowa State, S.E. Missouri",195.95,5603
48,424,1,26,2015,Oregon State,49.375,49.200,48.850,49.025,196.450,A,Stanford,197,630
48,425,1,30,2015,Oregon State,49.275,49.225,49.025,48.275,195.800,H,"Washington, Sacramento State, Hamline",196.3,3549
48,426,2,7,2015,Oregon State,49.100,49.025,49.025,49.100,196.250,H,Arizona,195.1,4272
48,427,2,13,2015,Oregon State,49.350,49.175,49.125,49.600,197.250,A,California,196.225,553
48,428,2,20,2015,Oregon State,49.200,48.950,49.000,49.125,196.275,A,Arizona State,193.475,1607
48,429,2,27,2015,Oregon State,49.025,48.000,49.275,49.450,195.750,H,Utah,196.875,4116
48,430,3,7,2015,Oregon State,48.875,49.225,49.300,49.300,196.700,A,Nebraska,197.225,0
48,431,3,14,2015,Oregon State,49.325,49.250,48.825,49.675,197.075,H,"San Jose State, Lindenwood University, Seattle Pacific",194.675,3679
48,981,3,21,2015,Oregon State,49.275,49.300,49.000,49.325,196.900,A,"Arizona, Arizona State, California, Stanford, UCLA, Utah, Washington",198.15,14402
48,995,4,4,2015,Oregon State,49.350,48.975,49.125,49.300,196.750,A,"Oklahoma, Penn State, Southern Utah, Missouri, North Carolina State",197.625,2350
49,56,1,10,2015,Penn State,48.900,49.000,47.975,48.800,194.675,H,"Cornell, New Hampshire, Rutgers",193.45,1275
49,57,1,17,2015,Penn State,49.275,49.025,48.975,48.750,196.025,A,Nebraska,197.125,1212
49,58,1,24,2015,Penn State,49.150,49.100,49.150,49.150,196.550,H,Maryland,194.45,2385
49,59,1,31,2015,Penn State,49.550,49.000,48.625,48.425,195.600,A,Illinois-Champaign,196.4,0
49,60,2,7,2015,Penn State,49.175,49.250,49.200,49.400,197.025,H,Michigan State,193.425,1340
49,61,2,14,2015,Penn State,48.950,49.100,48.950,49.275,196.275,H,Ohio State,195.2,1566
49,62,2,21,2015,Penn State,49.125,48.975,49.025,49.050,196.175,A,Pittsburgh,193.35,689
49,63,2,28,2015,Penn State,49.450,48.775,49.250,49.175,196.650,H,"Brockport State, Iowa State, Pennsylvania",195.375,1761
49,64,3,8,2015,Penn State,49.025,49.300,49.150,49.275,196.750,A,West Virginia,195.9,2178
49,65,3,14,2015,Penn State,49.375,49.175,49.100,49.000,196.650,A,"Iowa, Michigan, Minnesota, Rutgers",197,1357
49,66,3,21,2015,Penn State,49.275,49.275,49.000,49.175,196.725,A,"Illinois-Champaign, Iowa, Maryland, Michigan, Michigan State, Minnesota, Nebraska, Ohio State, Rutgers",197.825,0
50,277,1,18,2015,Pennsylvania,47.875,46.600,46.625,48.475,189.575,H,"Stanford, Bridgeport",195.95,0
50,278,1,25,2015,Pennsylvania,47.600,48.550,48.650,48.350,193.150,H,Yale,191,0
50,279,2,1,2015,Pennsylvania,47.175,47.950,47.250,48.525,190.900,H,"Ursinus College, Cornell, West Chester",190.725,0
50,280,2,7,2015,Pennsylvania,48.250,48.175,48.175,47.875,192.475,H,Temple,192.15,0
50,281,2,14,2015,Pennsylvania,47.425,48.725,49.025,48.600,193.775,A,Towson University,195.175,715
50,282,2,22,2015,Pennsylvania,48.400,48.200,48.175,48.950,193.725,H,"Brown, Yale, Cornell",193.424,0
50,283,2,28,2015,Pennsylvania,47.625,48.225,48.275,47.800,191.925,A,"Penn State, Iowa State, Brockport State",196.65,1761
50,284,3,7,2015,Pennsylvania,48.075,48.600,47.700,48.400,192.775,A,New Hampshire,195.475,0
50,285,3,14,2015,Pennsylvania,48.350,47.775,47.950,49.100,193.175,A,"West Virginia, Cornell",196.075,0
50,286,3,21,2015,Pennsylvania,48.000,47.825,48.475,48.500,192.800,A,"Yale, Temple, William & Mary, Cornell, Brown",194.375,800
51,230,1,9,2015,Pittsburgh,48.575,47.000,47.675,47.575,190.825,H,Ohio State,194.675,1093
51,231,1,18,2015,Pittsburgh,48.550,48.425,48.025,47.625,192.625,A,"George Washington, UNC, Cornell, Temple",195.025,784
51,232,1,24,2015,Pittsburgh,47.850,47.675,48.000,48.650,192.175,A,New Hampshire,195.45,175
51,233,1,30,2015,Pittsburgh,47.850,48.275,47.875,47.175,191.175,A,Kent State,195.75,3853
51,234,2,6,2015,Pittsburgh,48.025,48.950,48.300,48.875,194.150,H,North Carolina State,195.075,961
51,235,2,15,2015,Pittsburgh,48.425,48.650,48.375,48.825,194.275,A,Michigan State,195.15,0
51,236,2,21,2015,Pittsburgh,48.275,48.525,47.900,48.650,193.350,H,Penn State,196.175,689
51,237,2,28,2015,Pittsburgh,48.750,48.450,48.875,48.800,194.875,H,"West Virginia, North Carolina, Temple",194.975,979
51,238,3,7,2015,Pittsburgh,48.700,48.975,48.075,48.700,194.450,A,North Carolina,194.7,1852
51,239,3,13,2015,Pittsburgh,48.425,48.825,48.900,48.300,194.450,A,Kentucky w/ Ball State,196.175,1804
51,242,3,21,2015,Pittsburgh,48.600,48.600,48.325,47.950,193.475,A,"George Washington, North Carolina, North Carolina State, Towson University, New Hampshire",195.85,831
52,287,1,11,2015,Rhode Island College,44.775,42.575,43.850,43.400,174.600,H,Springfield College,184.65,200
52,288,1,17,2015,Rhode Island College,46.575,42.400,43.350,43.050,175.375,A,"Southern Conn., Bridgeport, Brown",192,200
52,289,1,24,2015,Rhode Island College,46.325,41.500,44.675,45.425,177.925,A,Brown,192.375,0
52,290,1,31,2015,Rhode Island College,46.050,42.950,43.475,44.125,176.600,A,"Yale, Bridgeport, Southern Conn.",193.45,0
52,291,2,7,2015,Rhode Island College,46.050,40.775,45.525,43.050,175.400,A,"West Chester, Ursinus College, Bridgeport",194.125,400
52,292,2,15,2015,Rhode Island College,44.675,39.025,42.275,43.625,169.600,A,"Ithaca College, Brockport State, Springfield College",187.15,0
52,293,2,21,2015,Rhode Island College,46.325,43.475,45.075,45.075,179.950,H,Ithaca College,187.5,200
52,294,3,1,2015,Rhode Island College,45.025,43.200,45.450,43.050,176.725,A,"Brockport State, Cortland State, Ithaca College",192.225,500
52,295,3,5,2015,Rhode Island College,-,-,-,-,-,A,Bridgeport,"",""
52,296,3,8,2015,Rhode Island College,46.825,42.125,44.325,46.025,179.300,A,Springfield College,188.35,300
52,297,3,14,2015,Rhode Island College,46.700,44.050,44.700,44.650,180.100,A,"Brockport State, Cortland State, Ithaca College, Springfield College, Ursinus College",193.55,0
53,298,1,10,2015,Rutgers,48.600,47.500,48.450,47.275,191.825,A,"Penn State, New Hampshire, Cornell",194.675,1275
53,299,1,17,2015,Rutgers,48.775,47.925,48.950,47.125,192.775,A,Illinois-Champaign,196.175,824
53,300,1,24,2015,Rutgers,48.975,49.100,48.425,48.875,195.375,H,"Nebraska, Brockport State, Southern Conn.",196.25,922
53,301,1,31,2015,Rutgers,48.750,47.925,48.800,48.875,194.350,H,"Michigan State, Wisconsin-Oshkosh, Brown",194.95,959
53,302,2,8,2015,Rutgers,48.675,48.475,47.800,48.850,193.800,A,Ohio State,194.875,1335
53,303,2,14,2015,Rutgers,48.200,48.750,48.475,49.025,194.450,H,"Maryland, Cornell, Ursinus College",195.375,972
53,304,2,20,2015,Rutgers,48.975,48.750,47.250,48.975,193.950,A,"North Carolina State, Kent State, North Carolina",194.95,2520
53,305,2,22,2015,Rutgers,48.725,48.450,48.825,48.825,194.825,A,"West Virginia, Maryland, New Hampshire",195.35,1088
53,307,2,27,2015,Rutgers,48.975,48.925,48.050,48.900,194.850,A,"Towson University, Michigan State, Yale",196.275,679
53,306,3,7,2015,Rutgers,48.925,47.950,48.950,49.375,195.200,H,"Bridgeport, West Chester",194.75,1477
53,308,3,14,2015,Rutgers,48.800,48.925,48.600,47.825,194.150,A,"Minnesota, Michigan, Penn State, Iowa",197,1357
53,309,3,21,2015,Rutgers,49.150,47.200,47.650,49.125,193.125,A,"Michigan, Illinois-Champaign, Iowa, Maryland, Michigan State, Minnesota, Nebraska, Ohio State, Penn State",197.825,5261
54,789,1,11,2015,S.E. Missouri,48.150,48.500,48.000,48.625,193.275,H,Illinois State,186.65,368
54,790,1,18,2015,S.E. Missouri,48.500,48.525,47.750,48.525,193.300,A,"Iowa State, Oregon State",195.975,5603
54,791,1,23,2015,S.E. Missouri,48.825,48.725,47.525,47.775,192.850,A,"Oklahoma, Texas Woman's",197.85,3923
54,792,1,30,2015,S.E. Missouri,48.625,47.550,48.775,48.650,193.600,H,"Missouri, Lindenwood University",195.85,704
54,793,2,6,2015,S.E. Missouri,47.850,48.600,48.200,47.975,192.625,A,Illinois State,191.575,197
54,794,2,13,2015,S.E. Missouri,48.225,47.775,47.400,47.750,191.150,A,"Arkansas, Illinois State",196.65,2604
54,795,2,15,2015,S.E. Missouri,48.600,48.575,48.700,48.675,194.550,H,Texas Woman's,190.825,468
54,796,2,20,2015,S.E. Missouri,48.500,48.625,47.650,48.525,193.300,H,Northern Illinois,195.4,244
54,797,2,28,2015,S.E. Missouri,48.500,48.600,46.850,48.525,192.475,A,Ohio State,195.65,1619
54,798,3,6,2015,S.E. Missouri,47.950,49.000,46.050,48.050,191.050,H,Centenary College,187.6,510
54,799,3,15,2015,S.E. Missouri,48.250,48.175,48.825,46.550,191.800,A,UIC,193.625,540
54,984,3,21,2015,S.E. Missouri,48.950,48.775,48.000,48.725,194.450,A,"Centenary College, Illinois State, UIC, Lindenwood University, Texas Woman's",195.8,680
55,765,1,4,2015,Sacramento State,47.750,48.375,48.500,48.825,193.450,A,"UC Davis, California, San Jose State, Stanford",195.175,2013
55,766,1,9,2015,Sacramento State,48.675,48.200,48.700,48.675,194.250,H,California,194.875,312
55,767,1,16,2015,Sacramento State,48.275,48.600,47.525,48.950,193.350,A,"Arizona, UIC, Wisconsin-Stout",195.25,1902
55,768,1,23,2015,Sacramento State,48.400,48.925,48.475,49.125,194.925,H,UC Davis,194.8,455
55,769,1,30,2015,Sacramento State,48.600,48.750,47.500,48.350,193.200,A,"Oregon State, Washington, Hamline",196.3,3459
55,770,2,6,2015,Sacramento State,48.225,48.625,47.625,49.100,193.575,H,George Washington,194.625,267
55,771,2,13,2015,Sacramento State,48.775,48.425,46.775,48.875,192.850,H,San Jose State,192.85,309
55,772,2,21,2015,Sacramento State,48.675,48.725,48.250,48.500,194.150,A,"UCLA, Nebraska, Bridgeport",197.05,7264
55,773,2,27,2015,Sacramento State,48.875,48.675,48.000,48.600,194.150,A,"UC Davis, Central Michigan, Iowa",194.725,501
55,774,3,6,2015,Sacramento State,48.775,48.750,48.875,48.650,195.050,A,San Jose State,195.75,1071
55,775,3,15,2015,Sacramento State,49.075,48.775,49.125,49.025,196.000,H,Utah State,196.325,515
55,776,3,21,2015,Sacramento State,48.675,48.075,49.125,48.300,194.175,A,"Alaska, Air Force Academy, San Jose State, Seattle Pacific, UC Davis",195.4,853
56,24,1,4,2015,San Jose State,48.775,48.525,48.375,48.375,194.050,A,"UC Davis, California, Sacramento State, Stanford",195.175,2013
56,25,1,9,2015,San Jose State,48.675,47.900,47.900,48.700,193.175,H,Stanford,196.275,913
56,26,1,16,2015,San Jose State,48.500,48.375,48.750,49.125,194.750,H,"California, Wisconsin-La Crosse",194.875,739
56,27,1,25,2015,San Jose State,48.675,48.500,48.475,48.550,194.200,A,California,195.9,732
56,28,2,1,2015,San Jose State,48.750,48.775,48.300,48.550,194.375,A,"Texas Woman's, Centenary College",194.375,663
56,29,2,6,2015,San Jose State,48.275,48.575,48.275,48.850,193.975,A,"Southern Utah, Utah State",195.375,1826
56,30,2,13,2015,San Jose State,48.750,48.625,48.825,48.925,195.125,A,Sacramento State,192.85,309
56,31,2,20,2015,San Jose State,48.700,48.575,48.475,48.775,194.525,H,UC Davis,192.525,735
56,32,3,1,2015,San Jose State,49.000,49.000,48.575,48.575,195.150,A,"Nebraska, Illinois-Champaign, Bridgeport",197.1,1528
56,33,3,6,2015,San Jose State,49.075,48.825,49.075,48.700,195.675,H,"Sacramento State, Seattle Pacific, Utah State",195.75,1071
56,34,3,14,2015,San Jose State,48.950,48.825,47.550,49.350,194.675,A,"Oregon State, Lindenwood University, Seattle Pacific",197.075,0
56,35,3,21,2015,San Jose State,49.150,48.050,48.900,49.075,195.175,A,"Alaska, Air Force Academy, Sacramento State, Seattle Pacific, UC Davis",195.3,853
57,754,1,9,2015,Seattle Pacific,47.800,47.050,48.300,48.050,191.200,H,UC Davis,193.025,650
57,755,1,17,2015,Seattle Pacific,47.625,47.325,45.500,46.800,187.250,A,"Central Michigan, Eastern Michigan",195.875,697
57,756,1,24,2015,Seattle Pacific,48.225,48.025,48.325,48.075,192.650,A,Air Force Academy,192.275,0
57,757,1,30,2015,Seattle Pacific,47.250,48.150,45.850,48.300,189.550,H,Alaska,191.825,473
57,758,2,6,2015,Seattle Pacific,48.300,47.550,48.575,47.650,192.075,A,Utah State,194.725,1208
57,759,2,13,2015,Seattle Pacific,47.775,47.250,47.100,47.100,189.225,A,UC Davis,195.175,345
57,760,2,21,2015,Seattle Pacific,48.200,48.450,47.400,48.000,192.050,A,"Washington, California",196.6,2101
57,761,2,27,2015,Seattle Pacific,47.900,48.500,48.750,47.900,193.050,H,Air Force Academy,193.125,625
57,762,3,8,2015,Seattle Pacific,48.675,48.325,48.225,48.800,194.025,A,"San Jose State, Sacramento State, Utah State",195.75,1071
57,763,3,14,2015,Seattle Pacific,48.600,47.975,47.525,49.125,193.225,A,"Oregon State, Lindenwood University, San Jose State",197.075,3679
57,764,3,21,2015,Seattle Pacific,48.675,47.700,48.475,47.850,192.700,A,"Alaska, Air Force Academy, Sacramento State, San Jose State, UC Davis",195.3,853
58,331,1,9,2015,Southern Conn.,47.525,46.250,46.950,47.900,188.625,A,Springfield College,183.525,200
58,332,1,17,2015,Southern Conn.,47.350,47.425,46.975,48.125,189.850,H,"Bridgeport, Brown, Rhode Island College",192,300
58,333,1,24,2015,Southern Conn.,48.000,47.175,47.800,47.475,190.450,A,"Rutgers, Nebraska, Bridgeport",196.25,300
58,334,1,31,2015,Southern Conn.,48.300,46.625,47.700,48.200,190.825,A,"Yale, Bridgeport, Rhode Island College",193.45,1000
58,335,2,7,2015,Southern Conn.,47.050,47.050,45.475,47.725,187.300,A,"Cornell, Ithaca College, Brockport State",190.625,300
58,336,2,8,2015,Southern Conn.,47.625,45.775,46.150,47.975,187.525,A,Cortland State,189.225,522
58,974,2,16,2015,Southern Conn.,48.175,47.850,47.275,48.225,191.525,A,"Brown, Bridgeport, New Hampshire",196.075,200
58,338,2,27,2015,Southern Conn.,48.025,46.925,46.475,48.425,189.850,A,"West Chester, Ursinus College",190.2,500
58,339,3,8,2015,Southern Conn.,48.025,46.875,46.000,48.425,189.325,A,"Maryland, Bridgeport, William & Mary",196,1734
58,340,3,14,2015,Southern Conn.,48.100,47.150,47.700,48.450,191.400,A,West Chester,191.65,200
58,341,3,21,2015,Southern Conn.,48.275,47.800,47.600,48.200,191.875,H,"Bridgeport, West Chester",195.225,350
59,139,1,9,2015,Southern Utah,48.750,48.850,48.075,48.250,193.925,A,Arizona State,194.2,1031
59,140,1,16,2015,Southern Utah,49.225,48.800,48.800,48.675,195.500,A,"Utah, Boise State, San Jose State",196.675,14254
59,141,1,23,2015,Southern Utah,48.900,48.975,48.875,49.000,195.750,A,Boise State,196.725,0
59,142,1,30,2015,Southern Utah,48.875,49.175,48.700,48.900,195.650,H,BYU,195.675,2246
59,143,2,2,2015,Southern Utah,48.850,49.075,48.125,48.750,194.800,H,Ball State,190.45,1427
59,144,2,6,2015,Southern Utah,49.075,48.925,48.250,49.125,195.375,H,San Jose State,193.975,1826
59,145,2,13,2015,Southern Utah,48.925,48.975,48.950,48.650,195.500,A,BYU,194.975,1170
59,146,2,20,2015,Southern Utah,48.825,49.250,49.225,48.925,196.225,A,Utah State,195.025,1257
59,147,2,27,2015,Southern Utah,49.325,49.050,48.900,49.200,196.475,H,Denver,196.1,2480
59,148,3,6,2015,Southern Utah,48.950,49.275,49.050,48.650,195.925,H,Arizona State,162.325,1827
59,149,3,13,2015,Southern Utah,49.000,48.950,49.150,49.225,196.325,H,"Boise State, California",196.225,1437
59,150,3,21,2015,Southern Utah,49.050,49.000,49.175,49.050,196.275,A,"Denver, Boise State, BYU, Utah State",196.625,1468
60,354,1,9,2015,Springfield College,46.425,45.800,45.125,46.175,183.525,H,Southern Conn.,188.625,136
60,355,1,11,2015,Springfield College,45.475,45.750,46.200,47.225,184.650,A,Rhode Island College,174.6,102
60,356,1,17,2015,Springfield College,47.250,45.375,44.975,45.850,183.450,A,Brockport State,189.1,200
60,357,1,25,2015,Springfield College,46.850,45.400,45.250,47.150,184.650,H,Ithaca College,183.675,215
60,358,1,31,2015,Springfield College,46.625,46.025,46.550,46.675,185.875,A,Cortland State,186.675,372
60,359,2,7,2015,Springfield College,47.350,44.900,44.725,47.275,184.250,A,Yale,188.65,0
60,360,2,14,2015,Springfield College,46.825,46.350,44.500,46.875,184.550,A,"Ithaca College, Brockport State, Rhode Island College",187.15,0
60,361,2,21,2015,Springfield College,47.000,46.675,46.525,47.300,187.500,A,West Chester,191.7,180
60,362,3,8,2015,Springfield College,47.450,47.075,46.450,47.375,188.350,H,Rhode Island College,179.3,350
60,363,3,14,2015,Springfield College,47.575,47.375,47.850,46.275,189.075,A,"Ursinus College, Brockport State, Cortland State, Ithaca College, Rhode Island College",193.55,0
60,364,3,27,2015,Springfield College,-,-,-,-,-,A,Wisconsin-La Crosse,"",""
61,343,1,4,2015,Stanford,49.050,47.825,48.875,47.700,193.450,A,"UC Davis, California, Sacramento State, San Jose State",195.175,2013
61,344,1,9,2015,Stanford,48.725,49.175,49.250,49.125,196.275,A,San Jose State,193.175,913
61,345,1,18,2015,Stanford,49.325,49.475,48.450,48.700,195.950,A,"Pennsylvania, Bridgeport",189.575,0
61,346,1,26,2015,Stanford,49.325,49.350,49.275,49.050,197.000,H,Oregon State,196.45,630
61,347,1,31,2015,Stanford,48.975,49.325,49.425,48.800,196.525,A,Arizona State,193.775,0
61,348,2,8,2015,Stanford,49.300,47.925,49.175,48.925,195.325,A,California,195.575,885
61,349,2,14,2015,Stanford,48.875,49.425,48.525,49.400,196.225,H,UCLA,197.075,1670
61,350,2,21,2015,Stanford,49.175,49.250,48.600,48.875,195.900,A,Utah,198.05,15202
61,351,3,2,2015,Stanford,49.325,49.525,49.225,49.450,197.525,H,Washington,196.125,950
61,352,3,7,2015,Stanford,49.150,49.200,49.200,49.075,196.625,A,UCLA,197.95,9531
61,353,3,21,2015,Stanford,49.275,49.525,49.100,49.275,197.175,A,"Utah, California, UCLA, Oregon State, Arizona, Arizona State, Washington",198.15,23568
62,76,1,9,2015,Temple,47.600,44.300,48.225,47.075,187.200,A,Eastern Michigan,193.925,127
62,217,1,18,2015,Temple,47.550,46.100,46.150,47.475,187.275,A,"George Washington, Cornell, Pittsburgh, North Carolina",195.025,784
62,77,1,24,2015,Temple,48.000,47.375,47.550,46.975,189.900,H,Ursinus College,189.9,500
62,218,1,31,2015,Temple,47.625,45.525,48.225,47.850,189.225,A,New Hampshire,194.15,1061
62,219,2,7,2015,Temple,47.925,48.150,48.125,47.950,192.150,A,Pennsylvania,192.475,300
62,78,2,14,2015,Temple,48.050,47.275,47.850,48.525,191.700,H,"Bridgeport, Pennsylvania, West Chester",194.375,600
62,115,2,22,2015,Temple,47.600,45.425,46.850,47.875,187.750,A,Ursinus College,192.625,400
62,79,2,28,2015,Temple,48.000,46.775,47.700,48.750,191.225,A,"Pittsburgh, North Carolina, West Virginia",194.975,979
62,80,3,7,2015,Temple,47.925,45.725,47.300,47.925,188.875,A,Cornell,192.125,350
62,81,3,13,2015,Temple,48.000,45.750,47.725,48.275,189.750,A,Iowa State,195.3,716
62,82,3,21,2015,Temple,48.425,47.400,47.525,48.725,192.075,A,"Brown, Cornell, Pennsylvania, William & Mary, Yale",194.375,500
63,265,1,10,2015,Texas Woman's,47.600,47.600,48.225,46.325,189.750,A,Centenary College,186.875,100
63,266,1,23,2015,Texas Woman's,48.400,48.050,46.100,47.800,190.350,A,Oklahoma,197.85,3293
63,267,1,25,2015,Texas Woman's,48.175,48.950,47.525,48.625,193.275,H,North Carolina State,196.175,629
63,268,2,1,2015,Texas Woman's,48.850,48.325,48.375,47.600,193.150,H,"Centenary College, San Jose State, Towson University",194.375,663
63,269,2,7,2015,Texas Woman's,48.650,48.225,47.050,47.925,191.850,A,Air Force Academy,192.5,0
63,270,2,13,2015,Texas Woman's,48.025,46.775,48.400,47.300,190.500,A,"Centenary College, Lindenwood University",194.625,0
63,271,2,15,2015,Texas Woman's,48.100,47.475,47.025,48.225,190.825,A,S.E. Missouri,194.55,468
63,272,2,21,2015,Texas Woman's,48.050,48.600,47.675,48.500,192.825,H,Centenary College,189.6,386
63,273,3,1,2015,Texas Woman's,48.575,48.975,48.250,48.475,194.275,H,"Brown, Maryland, Utah State",195.525,404
63,274,3,8,2015,Texas Woman's,47.400,47.825,48.300,48.950,192.475,H,Arizona,197.125,453
63,275,3,13,2015,Texas Woman's,48.050,48.675,47.925,48.750,193.400,A,Florida,197.9,4238
63,276,3,21,2015,Texas Woman's,48.900,48.725,48.800,49.325,195.750,H,"Centenary College, Lindenwood University, Illinois State, S.E. Missouri, UIC",195.8,680
64,254,1,9,2015,Towson University,48.200,48.325,48.450,48.350,193.325,A,"Missouri, Kent State",193.9,914
64,255,1,17,2015,Towson University,47.875,48.175,48.775,48.300,193.125,A,William & Mary,193.55,0
64,256,1,25,2015,Towson University,48.175,48.900,48.775,48.675,194.525,H,"West Chester, William & Mary, North Carolina",195.35,869
64,257,2,1,2015,Towson University,48.450,48.900,48.475,48.300,194.125,A,"Texas Woman's, San Jose State, Centenary College",194.375,663
64,258,2,8,2015,Towson University,48.375,48.825,48.550,49.225,194.975,A,"New Hampshire, West Virginia, Brown",196.525,1281
64,259,2,14,2015,Towson University,48.250,49.050,48.700,49.175,195.175,H,Pennsylvania,193.775,715
64,260,2,20,2015,Towson University,48.400,48.450,48.675,48.925,194.450,A,"Maryland, William & Mary, George Washington",194.925,1372
64,261,2,27,2015,Towson University,47.300,48.975,48.650,48.825,193.750,H,"Rutgers, Yale, Michigan State",196.275,679
64,262,3,8,2015,Towson University,48.300,48.525,47.575,48.725,193.125,A,"Brown, Lindenwood University",193.4,225
64,263,3,13,2015,Towson University,48.825,48.700,48.675,48.500,194.700,H,George Washington,195.125,752
64,264,3,15,2015,Towson University,48.900,49.200,49.250,49.175,196.525,A,George Washington,196.875,0
64,342,3,21,2015,Towson University,48.650,48.950,49.100,48.525,195.225,A,"George Washington, New Hampshire, Pittsburgh, North Carolina, North Carolina State",195.85,837
65,742,1,4,2015,UC Davis,48.900,48.500,48.925,48.025,194.350,H,"California, San Jose State, Sacramento State, Stanford",195.175,2013
65,747,1,9,2015,UC Davis,48.425,48.500,47.850,48.250,193.025,A,Seattle Pacific,191.2,650
65,748,1,16,2015,UC Davis,48.650,48.350,48.525,48.450,193.950,A,"Utah, Boise State, Southern Utah",196.675,14254
65,752,1,23,2015,UC Davis,48.400,48.400,48.975,48.625,194.800,A,Sacramento State,194.925,455
65,749,1,30,2015,UC Davis,48.825,47.325,48.650,48.750,193.550,A,"Utah State, Boise State",195.975,1520
65,743,2,8,2015,UC Davis,48.950,48.825,47.750,48.725,194.250,H,George Washington,195.725,398
65,744,2,13,2015,UC Davis,48.975,48.625,48.625,48.950,195.175,H,Seattle Pacific,189.225,345
65,750,2,20,2015,UC Davis,49.100,47.900,46.525,49.000,192.525,A,San Jose State,194.525,735
65,745,2,27,2015,UC Davis,49.175,48.715,48.025,48.800,194.725,H,"Sacramento State, Iowa, Central Michigan",194.15,501
65,751,3,8,2015,UC Davis,49.050,48.325,48.950,49.000,195.325,A,California,197.325,1014
65,746,3,13,2015,UC Davis,49.250,49.125,49.075,49.450,196.900,H,Washington,196.6,245
65,753,3,21,2015,UC Davis,49.025,48.550,49.025,48.700,195.300,A,"Air Force Academy, Alaska, Sacramento State, San Jose State, Seattle Pacific",195.175,853
66,639,1,12,2015,UCLA,49.300,49.075,48.925,48.700,196.000,A,Oregon State,195.45,2128
66,640,1,19,2015,UCLA,49.250,48.700,49.350,48.675,195.975,H,Arizona,195.3,4484
66,630,1,23,2015,UCLA,49.275,48.100,48.100,49.250,194.725,A,Utah,196.725,14873
66,631,2,1,2015,UCLA,49.100,49.375,49.200,49.125,196.800,H,California,195.425,3420
66,643,2,9,2015,UCLA,49.450,49.075,49.125,49.350,197.000,H,Washington,194.5,2390
66,633,2,14,2015,UCLA,49.350,49.125,49.150,49.450,197.075,A,Stanford,196.225,1670
66,645,2,21,2015,UCLA,49.300,49.000,49.525,49.225,197.050,H,"Nebraska, Bridgeport, Sacramento State",196.65,7264
66,635,2,28,2015,UCLA,49.500,49.350,49.425,49.075,197.350,A,Arizona State,194.25,1231
66,636,3,7,2015,UCLA,49.475,49.375,49.475,49.625,197.950,H,Stanford,196.625,9531
66,648,3,13,2015,UCLA,49.275,49.275,49.325,49.300,197.175,A,Arkansas,195.9,2504
66,649,3,21,2015,UCLA,49.300,49.275,49.425,49.350,197.350,A,"Arizona, Arizona State, California, Oregon State, Stanford, Utah, Washington",198.15,14402
67,606,1,9,2015,UIC,47.725,48.675,46.325,46.850,189.575,H,Northern Illinois,192.25,0
67,607,1,16,2015,UIC,47.900,47.600,46.150,45.650,187.300,A,"Arizona, Sacramento State, Wisconsin-Stout",195.25,1902
67,608,1,25,2015,UIC,48.425,48.075,47.550,47.325,191.375,H,Illinois State,188.6,441
67,609,1,31,2015,UIC,48.175,48.700,45.425,47.625,189.925,A,"Illinois State, Eastern Michigan, Central Michigan",194.65,407
67,610,2,8,2015,UIC,48.550,48.500,48.025,47.950,193.025,H,Western Michigan,194.425,327
67,611,2,15,2015,UIC,48.650,48.500,46.800,48.475,192.425,A,Eastern Michigan,194.675,136
67,612,2,22,2015,UIC,48.600,48.375,47.400,46.775,191.150,H,Michigan State,194.85,0
67,613,2,28,2015,UIC,48.150,48.500,46.850,47.800,191.300,A,"Lindenwood University, Illinois State, Eastern Michigan",195.125,499
67,614,3,7,2015,UIC,48.275,48.650,47.500,48.325,192.750,A,"Northern Illinois, Illinois-Champaign, Illinois State",196.275,0
67,615,3,15,2015,UIC,48.375,48.925,47.650,48.675,193.675,H,S.E. Missouri,191.8,494
67,983,3,21,2015,UIC,48.850,48.975,47.825,48.775,194.425,A,"Centenary College, Lindenwood University, S.E. Missouri, Texas Woman's, Illinois State",195.8,680
68,67,1,14,2015,Ursinus College,47.775,46.150,46.000,48.175,188.100,H,West Chester,187.55,200
68,68,1,18,2015,Ursinus College,46.100,46.025,46.300,47.925,186.400,H,Ithaca College,182.925,300
68,69,1,24,2015,Ursinus College,47.775,46.925,46.750,48.125,189.575,A,Temple,189.9,300
68,70,2,2,2015,Ursinus College,47.975,46.375,47.900,48.225,190.475,A,University Of Pennsylvania,190.9,200
68,71,2,7,2015,Ursinus College,47.850,46.475,48.075,47.925,190.325,A,West Chester,194.125,400
68,72,2,14,2015,Ursinus College,46.975,46.975,47.950,47.850,189.750,A,Rutgers,195.375,400
68,73,2,22,2015,Ursinus College,48.075,47.950,48.000,48.600,192.625,H,Temple,187.75,400
68,74,2,27,2015,Ursinus College,47.300,46.900,45.325,47.650,187.175,A,West Chester,190.2,300
68,75,3,14,2015,Ursinus College,48.375,48.075,48.550,48.550,193.550,H,"Brockport State, Cortland State, Ithaca College, Rhode Island College, Springfield College",193.075,0
69,523,1,9,2015,Utah,49.300,49.175,49.200,49.225,196.900,A,BYU,193.35,2527
69,524,1,16,2015,Utah,49.125,49.225,49.075,49.250,196.675,H,"Southern Utah, Boise State, UC Davis",195.5,14254
69,525,1,23,2015,Utah,49.450,49.150,49.125,49.000,196.725,H,UCLA,194.725,14873
69,526,1,31,2015,Utah,49.550,49.550,49.300,49.450,197.850,A,Arizona,196.375,2112
69,527,2,6,2015,Utah,49.625,49.475,49.250,49.475,197.825,H,Arizona State,194.1,14400
69,528,2,14,2015,Utah,49.475,49.250,49.000,49.300,197.025,A,Washington,195.65,2351
69,529,2,21,2015,Utah,49.650,49.600,49.350,49.450,198.050,H,Stanford,195.9,15202
69,530,2,27,2015,Utah,49.500,49.350,48.700,49.325,196.875,A,Oregon State,195.75,4116
69,531,3,6,2015,Utah,49.550,49.550,49.500,49.650,198.250,H,Michigan,197.675,16019
69,532,3,14,2015,Utah,49.375,49.500,49.350,49.050,197.275,A,Georgia,197.45,8759
69,533,3,21,2015,Utah,49.675,49.550,49.400,49.525,198.150,H,"Arizona, Arizona State, California, Oregon State, Stanford, UCLA, Washington",197.35,14402
70,800,1,9,2015,Utah State,48.900,47.750,48.600,48.725,193.975,H,Air Force Academy,186.675,1724
70,801,1,17,2015,Utah State,48.750,48.800,48.300,48.675,194.525,A,Denver,196.025,1612
70,802,1,23,2015,Utah State,48.850,48.575,49.275,48.800,195.500,A,BYU,195.3,1561
70,803,1,30,2015,Utah State,48.925,48.100,48.800,48.450,194.275,H,"Boise State, UC Davis",195.975,1520
70,804,2,6,2015,Utah State,48.900,48.825,48.125,48.875,194.725,H,Seattle Pacific,192.075,1208
70,805,2,15,2015,Utah State,48.950,47.850,48.550,49.125,194.475,A,Boise State,195.925,752
70,806,2,20,2015,Utah State,48.950,48.975,48.000,49.100,195.025,H,Southern Utah,196.225,1257
70,807,2,27,2015,Utah State,49.000,48.325,48.750,49.025,195.100,A,"Southern Utah, Denver",196.475,2480
70,808,3,1,2015,Utah State,-,-,-,-,-,A,"Texas Woman's, Maryland, Brown","",""
70,975,3,6,2015,Utah State,48.900,49.000,48.525,48.675,195.100,A,BYU,196.15,1662
70,809,3,8,2015,Utah State,48.950,48.825,48.675,49.300,195.750,A,"San Jose State, Seattle Pacific, Sacramento State",195.675,1071
70,810,3,13,2015,Utah State,49.225,48.800,49.050,49.275,196.350,H,BYU,196.375,1499
70,811,3,15,2015,Utah State,49.025,49.125,49.075,49.100,196.325,A,Sacramento State,196,515
70,979,3,21,2015,Utah State,48.900,48.625,48.825,48.775,195.125,A,"Boise State, BYU, Denver, Southern Utah",196.625,1468
71,162,1,12,2015,Washington,48.700,48.750,48.525,48.350,194.325,H,Kentucky,194.975,801
71,163,1,16,2015,Washington,48.875,49.100,48.725,48.850,195.550,A,North Carolina State,194.15,1348
71,164,1,24,2015,Washington,48.750,48.725,49.125,49.350,195.950,H,Arizona,196.05,2253
71,165,1,30,2015,Washington,49.150,49.100,48.950,49.100,196.300,A,"Oregon State, Hamline",195.8,3549
71,166,2,9,2015,Washington,48.450,48.800,49.025,48.225,194.500,A,UCLA,197,2390
71,167,2,14,2015,Washington,48.825,49.000,48.950,48.875,195.650,H,Utah,197.025,2351
71,168,2,21,2015,Washington,49.075,48.100,49.000,49.150,195.325,H,"California, Seattle Pacific",196.6,2101
71,169,3,2,2015,Washington,48.700,49.200,49.175,49.050,196.125,A,Stanford,197.525,950
71,170,3,6,2015,Washington,48.975,48.900,48.875,49.025,195.775,H,North Carolina State,194.25,1436
71,171,3,13,2015,Washington,49.075,49.125,49.325,49.075,196.600,A,UC Davis,196.9,245
71,980,3,21,2015,Washington,48.925,49.075,48.900,49.100,196.000,A,"Arizona, Arizona State, California, Oregon State, Stanford, UCLA, Utah, Washington",198.15,25000
72,104,1,14,2015,West Chester,47.650,46.300,45.500,48.050,187.550,A,Ursinus College,188.1,200
72,105,1,17,2015,West Chester,47.325,45.500,47.450,47.725,188.000,A,Cortland State,185.225,150
72,106,1,25,2015,West Chester,47.750,45.825,47.700,46.750,188.025,A,"Towson University, William & Mary, North Carolina",195.35,869
72,107,2,1,2015,West Chester,48.275,47.050,47.275,48.125,190.725,A,"Pennsylvania, Ursinus, Cornell",190.9,350
72,108,2,7,2015,West Chester,47.825,48.000,47.325,48.675,191.825,H,"Ursinus, RIC, and Bridgeport",194.125,400
72,109,2,14,2015,West Chester,48.000,47.575,46.925,48.075,190.575,A,"Temple, Bridgeport, Pennsylvania",194.375,500
72,110,2,21,2015,West Chester,48.225,47.950,47.250,48.275,191.700,H,Springfield College,187.5,300
72,111,2,27,2015,West Chester,48.125,47.025,47.850,47.200,190.200,H,"Ursinus College, Southern Conn.",189.85,300
72,112,3,7,2015,West Chester,47.950,47.500,46.975,48.400,190.825,A,Rutgers and Bowling Green,195.2,500
72,113,3,14,2015,West Chester,48.125,47.750,47.250,48.525,191.650,H,Southern Conn.,191.4,200
72,114,3,21,2015,West Chester,47.575,47.825,47.150,48.050,190.600,A,"Southern Conn., Bridgeport",195.225,250
73,512,1,9,2015,West Virginia,48.825,48.275,48.100,48.300,193.500,A,"Maryland, George Washington",194.325,2091
73,513,1,17,2015,West Virginia,49.200,47.700,48.725,48.550,194.175,A,"Ohio State, Michigan",196.975,0
73,514,1,25,2015,West Virginia,49.025,48.450,48.425,48.950,194.850,H,"Iowa State, George Washington",195.025,1241
73,515,1,31,2015,West Virginia,49.075,48.650,48.600,49.025,195.350,A,"North Carolina State, North Carolina, William & Mary",194.5,3700
73,516,2,8,2015,West Virginia,49.025,48.625,48.475,49.175,195.300,A,"New Hampshire, Towson University, Brown",196.525,1281
73,517,2,13,2015,West Virginia,48.675,48.675,48.250,49.000,194.600,H,Denver,195.425,1345
73,518,2,22,2015,West Virginia,48.950,48.725,48.300,49.225,195.200,H,"New Hampshire, Maryland, Rutgers",195.35,1088
73,519,2,28,2015,West Virginia,48.750,48.275,48.850,49.100,194.975,A,"Pittsburgh, North Carolina, Temple",194.875,979
73,520,3,8,2015,West Virginia,48.675,49.225,48.900,49.100,195.900,H,Penn State,196.75,2178
73,521,3,14,2015,West Virginia,48.900,48.900,49.000,49.275,196.075,H,"Pennsylvania, Cornell",193.175,1059
73,522,3,21,2015,West Virginia,49.000,48.500,48.525,49.000,195.025,A,"Oklahoma, Iowa State",197.875,0
73,993,4,4,2015,West Virginia,-,-,-,-,-,H,"Florida, Stanford, Illinois-Champaign, Arkansas, New Hampshire","",""
74,432,1,16,2015,Western Michigan,48.350,48.275,47.950,47.875,192.450,H,Lindenwood University,192.35,731
74,433,1,23,2015,Western Michigan,48.500,48.000,48.600,48.225,193.325,A,Kent State,194.9,1753
74,434,2,1,2015,Western Michigan,48.050,48.825,48.375,48.575,193.825,H,Northern Illinois,192.525,0
74,435,2,8,2015,Western Michigan,48.825,48.400,48.375,48.825,194.425,A,Illinois-Champaign,193.025,327
74,436,2,13,2015,Western Michigan,48.000,48.600,48.075,48.600,193.275,A,Ball State,193.55,0
74,437,2,20,2015,Western Michigan,49.025,48.950,49.025,49.175,196.175,H,Eastern Michigan,195.575,0
74,438,2,28,2015,Western Michigan,48.800,48.900,48.400,48.700,194.800,A,Bowling Green,194,500
74,439,3,8,2015,Western Michigan,49.175,48.850,48.200,48.600,194.825,A,George Washington,195.725,0
74,440,3,15,2015,Western Michigan,48.900,48.875,48.950,49.000,195.725,H,Central Michigan,196.225,0
74,441,3,21,2015,Western Michigan,48.850,48.825,48.825,49.025,195.525,A,"Kent State, Ball State, Bowling Green, Central Michigan, Eastern Michigan, Northern Illinois",196.375,0
75,596,1,17,2015,William & Mary,48.325,48.600,47.975,48.650,193.550,H,Towson University,193.125,500
75,597,1,25,2015,William & Mary,48.175,46.050,48.125,48.550,190.900,A,"Towson University, North Carolina, West Chester",195.35,869
75,598,1,31,2015,William & Mary,47.550,47.875,48.300,48.400,192.125,A,"North Carolina State, North Carolina, West Virginia",195.35,3700
75,599,2,7,2015,William & Mary,48.450,48.100,48.200,48.050,192.800,A,North Carolina,194.425,2352
75,600,2,14,2015,William & Mary,48.525,48.450,48.400,48.975,194.350,A,"North Carolina State, George Washington",195.85,3214
75,601,2,20,2015,William & Mary,48.225,46.850,46.900,48.575,190.550,A,"Maryland, George Washington, Towson University",194.925,1372
75,602,2,28,2015,William & Mary,47.600,48.425,48.625,48.325,192.975,A,"Cornell, Bridgeport",193.75,300
75,603,3,8,2015,William & Mary,48.175,48.550,48.175,48.700,193.600,A,"Maryland, Bridgeport, Southern Conn.",196,1734
75,604,3,14,2015,William & Mary,49.125,47.750,48.900,49.225,195.000,H,Bridgeport,194.675,750
75,605,3,21,2015,William & Mary,48.400,47.875,49.050,49.050,194.375,A,"Brown, Cornell, Pennsylvania, Temple, Yale",194.15,500
77,949,1,8,2015,Winona State,46.825,45.450,42.875,43.300,178.450,A,Alaska,191.55,292
77,950,1,10,2015,Winona State,47.050,47.400,45.375,45.450,185.275,A,Alaska,192.25,446
77,951,1,23,2015,Winona State,46.150,46.800,43.050,46.875,182.875,H,Wisconsin-Eau Claire,181.925,628
77,952,1,30,2015,Winona State,47.400,45.475,45.275,46.100,184.250,A,"Wisconsin-La Crosse, Wisconsin-Stout, Gustavus Adolphus, Winona State",186.425,0
77,953,2,6,2015,Winona State,45.950,46.025,45.200,46.800,183.975,A,Wisconsin-Oshkosh,184.15,256
77,954,2,10,2015,Winona State,46.300,44.675,45.600,46.525,183.100,H,Gustavus Adolphus,172.85,284
77,955,2,13,2015,Winona State,46.200,45.650,46.550,45.575,183.975,A,"Wisconsin-Whitewater, Alaska",190.575,0
77,956,2,17,2015,Winona State,46.900,46.275,46.375,46.400,185.950,A,Hamline,185,250
77,957,2,22,2015,Winona State,46.975,46.900,44.900,47.275,186.050,A,"Minnesota, Hamline, Gustavus Adolphus",195.325,1695
77,958,2,28,2015,Winona State,47.475,46.700,46.775,48.075,189.025,A,Wisconsin-Stout,188.325,0
77,959,3,5,2015,Winona State,46.350,47.075,44.875,46.525,184.825,H,Wisconsin-La Crosse,186,381
77,960,3,15,2015,Winona State,47.125,47.575,45.100,47.875,187.675,A,"Wisconsin-Eau Claire, Wisconsin-La Crosse, Wisconsin-Oshkosh, Wisconsin-Stout, Wisconsin-Whitewater, Hamline, Gustavus Adolphus",191.75,1000
78,670,1,3,2015,Wisconsin-Eau Claire,46.725,45.225,44.325,47.525,183.800,A,Central Michigan,192.55,0
78,671,1,9,2015,Wisconsin-Eau Claire,46.475,43.425,45.050,46.525,181.475,H,"Gustavus Adolphus, Wisconsin-La Crosse",185,250
78,672,1,16,2015,Wisconsin-Eau Claire,46.025,45.075,44.275,47.125,182.500,A,Wisconsin-Oshkosh,183.375,0
78,673,1,23,2015,Wisconsin-Eau Claire,45.025,46.250,44.200,46.450,181.925,A,Winona State,182.875,0
78,674,1,31,2015,Wisconsin-Eau Claire,46.850,43.600,46.025,47.475,183.950,A,Wisconsin-Whitewater,189.6,200
78,675,2,6,2015,Wisconsin-Eau Claire,46.900,46.150,47.000,47.800,187.850,A,Centenary College,190.325,0
78,676,2,14,2015,Wisconsin-Eau Claire,46.200,45.450,45.350,44.450,181.450,A,Hamline,180.625,300
78,677,2,20,2015,Wisconsin-Eau Claire,46.400,45.900,46.500,47.125,185.925,H,Gustavus Adolphus,178.3,312
78,678,2,27,2015,Wisconsin-Eau Claire,-,-,-,-,-,A,Wisconsin-La Crosse,"",""
78,679,3,6,2015,Wisconsin-Eau Claire,-,-,-,-,-,H,Wisconsin-Stout,"",""
78,680,3,15,2015,Wisconsin-Eau Claire,46.300,44.975,45.950,47.250,184.475,A,"Gustavus Adolphus, Hamline, Wisconsin-La Crosse, Wisconsin-Oshkosh, Wisconsin-Stout, Wisconsin-Whitewater, Winona State",191.75,1000
79,871,1,9,2015,Wisconsin-La Crosse,46.450,45.725,46.675,46.150,185.000,A,"Wisconsin-Eau Claire, Gustavus Adolphus",181.475,250
79,872,1,16,2015,Wisconsin-La Crosse,47.500,47.525,46.100,47.725,188.850,A,"San Jose State, California",194.875,739
79,873,1,22,2015,Wisconsin-La Crosse,45.875,46.575,45.075,48.150,185.675,H,Wisconsin-Oshkosh,179.75,415
79,874,1,30,2015,Wisconsin-La Crosse,46.350,47.150,46.275,46.650,186.425,H,"Wisconsin-Stout, Gustavus Adolphus, Winona State",184.25,257
79,875,2,6,2015,Wisconsin-La Crosse,45.825,47.100,45.850,47.625,186.400,A,"Wisconsin-Stout, Wisconsin-Eau Claire, Hamline",181.35,0
79,876,2,13,2015,Wisconsin-La Crosse,45.800,46.625,47.250,46.225,185.900,A,Gustavus Adolphus,174.875,0
79,877,2,20,2015,Wisconsin-La Crosse,46.475,46.925,45.075,46.550,185.025,H,Wisconsin-Whitewater,185.575,260
79,878,2,27,2015,Wisconsin-La Crosse,47.125,46.200,46.100,47.500,186.925,H,"Wisconsin-Eau Claire, Hamline",182.625,415
79,879,3,5,2015,Wisconsin-La Crosse,45.775,45.975,47.450,46.800,186.000,A,Winona State,184.825,0
79,880,3,15,2015,Wisconsin-La Crosse,47.225,48.375,47.125,48.150,190.875,A,"Gustavus Adolphus, Hamline, Winona State, Wisconsin-Eau Claire, Wisconsin-Oshkosh, Wisconsin-Stout, Wisconsin-Whitewater",191.75,1000
80,917,1,10,2015,Wisconsin-Oshkosh,45.825,45.625,44.325,45.500,181.275,A,Hamline,179.325,150
80,918,1,16,2015,Wisconsin-Oshkosh,45.075,45.700,46.000,46.600,183.375,H,Wisconsin-Eau Claire,182.5,319
80,919,1,22,2015,Wisconsin-Oshkosh,44.950,44.800,44.550,45.450,179.750,A,Wisconsin-La Crosse,185.675,415
80,920,1,31,2015,Wisconsin-Oshkosh,46.825,47.000,46.575,47.925,188.325,A,"Rutgers, Brown, Michigan State",194.95,800
80,921,2,6,2015,Wisconsin-Oshkosh,45.875,45.875,45.950,46.450,184.150,H,Winona State,183.975,256
80,922,2,20,2015,Wisconsin-Oshkosh,46.000,45.475,46.275,45.275,183.025,A,Wisconsin-Stout,181.45,150
80,923,2,28,2015,Wisconsin-Oshkosh,46.175,46.975,46.550,47.250,186.950,A,Wisconsin-Whitewater,189.65,300
80,924,3,6,2015,Wisconsin-Oshkosh,45.625,44.425,46.000,46.100,182.150,H,Gustavus Adolphus,179.3,163
80,925,3,15,2015,Wisconsin-Oshkosh,45.250,45.250,45.200,45.925,181.625,A,"Hamline, Wisconsin-Eau Claire, Winona State, Wisconsin-La Crosse, Wisconsin-Whitewater, Wisconsin-Stout, Gustavus Adolphus",191.75,1000
80,926,3,27,2015,Wisconsin-Oshkosh,-,-,-,-,-,A,Wisconsin-La Crosse,"",""
80,927,3,28,2015,Wisconsin-Oshkosh,-,-,-,-,-,A,Wisconsin-La Crosse,"",""
82,650,1,9,2015,Wisconsin-Stout,46.700,44.150,43.600,43.700,177.850,H,Wisconsin-Whitewater,183.275,150
82,651,1,16,2015,Wisconsin-Stout,47.350,44.050,44.550,45.225,181.175,A,"Arizona, Sacramento State",195.25,1000
82,652,1,22,2015,Wisconsin-Stout,46.150,43.900,44.500,44.550,179.100,A,Gustavus Adolphus,177.525,116
82,653,1,30,2015,Wisconsin-Stout,45.500,44.800,41.175,46.200,177.675,A,"Wisconsin-La Crosse, Gustavus Adolphus, Winona State",186.425,400
82,654,2,6,2015,Wisconsin-Stout,45.375,44.825,45.325,45.825,181.350,H,"Hamline, Wisconsin-La Crosse",186.4,500
82,655,2,20,2015,Wisconsin-Stout,46.075,45.700,43.900,45.775,181.450,H,Wisconsin-Oshkosh,183.025,475
82,656,2,28,2015,Wisconsin-Stout,47.800,46.275,46.975,47.275,188.325,H,Winona State,189.025,300
82,657,3,6,2015,Wisconsin-Stout,47.125,46.960,46.025,46.700,186.800,A,Wisconsin-Eau Claire,182.625,300
82,658,3,15,2015,Wisconsin-Stout,47.150,46.375,46.600,47.700,187.825,A,"Hamline, Gustavus Adolphus, Winona State, Wisconsin-Eau Claire, Wisconsin-La Crosse, Wisconsin-Oshkosh, Wisconsin-Whitewater",191.75,1000
82,988,3,27,2015,Wisconsin-Stout,47.500,47.275,46.750,46.325,187.850,A,"Cortland State, Brockport State, Ursinus College, Wisconsin-La Crosse, Wisconsin-Whitewater",191.525,1000
82,989,3,28,2015,Wisconsin-Stout,-,-,-,-,-,A,"Wisconsin-La Crosse, Wisconsin-Whitewater, Cortland State, Brockport State, Ursinus College",0,0
83,479,1,9,2015,Wisconsin-Whitewater,47.375,43.925,46.550,45.425,183.275,A,Wisconsin-Stout,177.85,0
83,480,1,17,2015,Wisconsin-Whitewater,47.400,47.125,47.200,48.350,189.975,A,"Bowling Green, BYU, Alaska",193.075,1300
83,481,1,24,2015,Wisconsin-Whitewater,48.175,48.000,47.725,47.700,191.600,H,Hamline,185.675,352
83,482,1,31,2015,Wisconsin-Whitewater,48.275,47.400,46.225,47.700,189.600,H,Wisconsin-Eau Claire,183.95,325
83,483,2,7,2015,Wisconsin-Whitewater,47.100,46.825,47.400,47.700,189.025,A,Gustavus Adolphus,178.95,0
83,484,2,13,2015,Wisconsin-Whitewater,47.725,47.825,47.700,47.325,190.575,H,"Alaska, Winona State",189.05,0
83,485,2,20,2015,Wisconsin-Whitewater,47.750,45.700,45.825,46.300,185.575,A,Wisconsin-La Crosse,185.025,260
83,486,2,28,2015,Wisconsin-Whitewater,47.450,47.675,46.525,48.000,189.650,H,Wisconsin-Oshkosh,186.95,425
83,487,3,15,2015,Wisconsin-Whitewater,48.225,48.400,47.525,47.600,191.750,A,"Wisconsin-Stout, Wisconsin-Oshkosh, Wisconsin-La Crosse, Wisconsin-Eau Claire, Gustavus Adolphus, Hamline, Winona State",190.875,1000
83,488,3,27,2015,Wisconsin-Whitewater,-,-,-,-,-,A,"Wisconsin-La Crosse, Wisconsin-Oshkosh, Brockport State, Cortland State, Ithaca College","",""
83,489,3,28,2015,Wisconsin-Whitewater,-,-,-,-,-,A,Wisconsin-Whitewater,"",""
84,152,1,18,2015,Yale,48.125,47.500,48.250,47.300,191.175,A,New Hampshire,195.9,1046
84,153,1,25,2015,Yale,47.675,47.600,48.325,47.400,191.000,A,Pennsylvania,193.15,0
84,154,1,31,2015,Yale,47.550,48.325,48.125,47.375,191.375,H,"Bridgeport, Southern Conn.",193.45,1000
84,155,2,7,2015,Yale,47.525,47.000,46.900,47.225,188.650,H,Springfield College,184.25,600
84,156,2,13,2015,Yale,47.700,48.300,46.875,47.875,190.750,A,"Iowa State, Northern Illinois",194.95,0
84,157,2,22,2015,Yale,47.875,48.575,47.550,48.225,192.225,A,"Pennsylvania, Cornell, Brown",193.725,0
84,158,2,27,2015,Yale,47.875,48.200,47.200,48.600,191.875,A,"Towson University, Michigan State, Rutgers",196.275,679
84,159,3,8,2015,Yale,47.750,48.250,46.775,48.175,190.950,A,"George Washington, Western Michigan",195.725,0
84,160,3,15,2015,Yale,48.125,48.200,47.825,48.625,192.775,A,Brown,193.15,275
84,161,3,21,2015,Yale,48.025,48.150,48.650,48.750,193.575,H,"Brown, Cornell, Pennsylvania, Temple, William & Mary",194.375,800
